loss,mae,val_loss,val_mae
0.9441342353820801,0.7388426661491394,1.131536841392517,0.8233258128166199
0.9150593280792236,0.7263497710227966,1.1262538433074951,0.8176997900009155
0.9047186374664307,0.7211892008781433,1.1246272325515747,0.8147373199462891
0.8980445861816406,0.7175543904304504,1.1249849796295166,0.8153995275497437
0.8929809331893921,0.7150396704673767,1.1271637678146362,0.8177188634872437
0.8878417611122131,0.7126774787902832,1.1335012912750244,0.8218889236450195
0.8811891078948975,0.709561288356781,1.1455261707305908,0.8289908766746521
0.8706604838371277,0.7050294876098633,1.168249249458313,0.8392527103424072
