loss,mae,r2_keras,val_loss,val_mae,val_r2_keras
0.14992181956768036,0.2870568633079529,0.8429556488990784,0.1522194743156433,0.2844270169734955,0.03971800208091736
0.10619904845952988,0.24726608395576477,0.8878380060195923,0.1492203176021576,0.2814790904521942,0.05407436564564705
0.10250142961740494,0.24260222911834717,0.8916774988174438,0.14901642501354218,0.2810458540916443,0.05121052637696266
0.10039481520652771,0.23979343473911285,0.8938559293746948,0.1497240662574768,0.28150665760040283,0.04332234337925911
0.09900028258562088,0.23793435096740723,0.8952907919883728,0.15076251327991486,0.28228408098220825,0.034867580980062485
0.09797661751508713,0.2365942746400833,0.8963423371315002,0.15190806984901428,0.2831413149833679,0.0273264292627573
0.09715219587087631,0.23555435240268707,0.8971903324127197,0.1531084179878235,0.28401607275009155,0.020360266789793968
0.09643600136041641,0.23467887938022614,0.8979278206825256,0.15433712303638458,0.28491753339767456,0.01334636565297842
