loss,mae,r2_keras,val_loss,val_mae,val_r2_keras
0.9708163142204285,0.3697628676891327,-0.12156770378351212,1.9530476331710815,0.43272650241851807,-4.533864974975586
0.9536147713661194,0.3640514612197876,-0.06962544471025467,1.9409260749816895,0.430357426404953,-4.324845790863037
0.946058452129364,0.36137518286705017,-0.063864566385746,1.9356067180633545,0.43119028210639954,-4.414069652557373
0.9395971894264221,0.3588765561580658,-0.06659305840730667,1.9359029531478882,0.433340847492218,-4.608724594116211
0.9338821172714233,0.35771867632865906,-0.07148589193820953,1.9384207725524902,0.4365978240966797,-4.5016889572143555
0.9285208582878113,0.356870174407959,-0.07536667585372925,1.9430540800094604,0.4403822124004364,-4.2248358726501465
0.9231083989143372,0.3556594252586365,-0.07995224744081497,1.950329065322876,0.4437147080898285,-3.8911190032958984
0.9169843196868896,0.35418635606765747,-0.08528275787830353,1.9602787494659424,0.44636112451553345,-3.618138074874878
