loss,mae,r2_keras,val_loss,val_mae,val_r2_keras
0.9940943717956543,0.3653086721897125,-0.1095597892999649,1.1247084140777588,0.3031978905200958,-2.553645610809326
0.9773807525634766,0.3545851409435272,-0.08636082708835602,1.1177526712417603,0.3007219731807709,-2.471292734146118
0.9683578014373779,0.35142555832862854,-0.08342064917087555,1.116919755935669,0.3016131818294525,-2.561912775039673
0.960425078868866,0.3490387201309204,-0.07967177778482437,1.118228554725647,0.30007973313331604,-2.4668900966644287
0.9514468908309937,0.34664222598075867,-0.07884902507066727,1.1198824644088745,0.29730620980262756,-2.072669506072998
0.9384344220161438,0.3438277840614319,-0.09036002308130264,1.1268800497055054,0.2919297516345978,-1.5451232194900513
0.9230011105537415,0.34095901250839233,-0.10105505585670471,1.1459420919418335,0.2985715866088867,-1.6068719625473022
0.9019308090209961,0.3367500901222229,-0.08083680272102356,1.1638470888137817,0.2976089119911194,-1.3881045579910278
