loss,mae,r2_keras,val_loss,val_mae,val_r2_keras
0.9978640675544739,0.3707703948020935,-0.08397562056779861,1.127225399017334,0.30021387338638306,-2.5667567253112793
0.9761371612548828,0.3539622128009796,-0.049275271594524384,1.1183269023895264,0.2961810231208801,-2.4504201412200928
0.966330885887146,0.3505028486251831,-0.04231719300150871,1.1156271696090698,0.29573190212249756,-2.5893189907073975
0.9575942158699036,0.3481615483760834,-0.040535181760787964,1.1153829097747803,0.2956330478191376,-2.6449224948883057
0.9478244185447693,0.34643787145614624,-0.040767546743154526,1.1184735298156738,0.2983435094356537,-2.8828368186950684
0.934959352016449,0.3446517884731293,-0.03994591906666756,1.1293469667434692,0.29969364404678345,-2.7397499084472656
0.9148264527320862,0.34119921922683716,-0.036006852984428406,1.1471328735351562,0.30623549222946167,-3.077577829360962
0.8907661437988281,0.33915936946868896,-0.06656356155872345,1.147420048713684,0.30955833196640015,-2.82960844039917
0.861015260219574,0.3349590599536896,-0.0346081405878067,1.243260145187378,0.3313557803630829,-3.2272562980651855
