loss,mae,r2_keras,val_loss,val_mae,val_r2_keras
0.9722908735275269,0.33494046330451965,-0.198138028383255,1.2389236688613892,0.4145622253417969,-9.95559310913086
0.943939745426178,0.32536372542381287,-0.18525287508964539,1.2440816164016724,0.42111340165138245,-10.400838851928711
0.9296351671218872,0.3221108615398407,-0.21178004145622253,1.249917984008789,0.42551812529563904,-9.592142105102539
0.9181501269340515,0.32002395391464233,-0.2402058243751526,1.2548432350158691,0.42844605445861816,-7.932503700256348
0.9068922400474548,0.3182048201560974,-0.2711264193058014,1.2686876058578491,0.4298577904701233,-6.4953413009643555
0.8906087875366211,0.31621429324150085,-0.3141305148601532,1.2886624336242676,0.4321710467338562,-7.091056823730469
