loss,mae,val_loss,val_mae
0.9036164879798889,0.5704540014266968,1.0117164850234985,0.6210858821868896
0.8493177890777588,0.5499186515808105,1.0141149759292603,0.625891387462616
0.8286709189414978,0.5406343340873718,1.0176447629928589,0.6302496194839478
0.8146365284919739,0.5341317653656006,1.022016167640686,0.6327142715454102
0.8022279739379883,0.5287854671478271,1.0241292715072632,0.6294867396354675
0.7893938422203064,0.5233890414237976,1.0294729471206665,0.6303227543830872
