loss,mae,val_loss,val_mae
0.9361531734466553,0.720859706401825,1.2852132320404053,0.883377730846405
0.8984578847885132,0.7030839920043945,1.2707569599151611,0.8760114908218384
0.878137469291687,0.693575918674469,1.26665461063385,0.8706099987030029
0.8630520701408386,0.6860516667366028,1.269301414489746,0.8692145943641663
0.8510245680809021,0.680524468421936,1.2821604013442993,0.8744378089904785
0.8388888239860535,0.6754207015037537,1.3223919868469238,0.8898482918739319
0.8237666487693787,0.66936856508255,1.371633529663086,0.9088350534439087
0.8024194836616516,0.6603769063949585,1.4101693630218506,0.9306915998458862
