loss,mae,val_loss,val_mae
0.9010297060012817,0.6286037564277649,0.9644773602485657,0.6706772446632385
0.8422350883483887,0.5966852903366089,0.947860836982727,0.6698077321052551
0.8167687058448792,0.5824414491653442,0.9475420713424683,0.6718412041664124
0.8022542595863342,0.5740127563476562,0.9509642720222473,0.672694742679596
0.789992094039917,0.5670414566993713,0.9550034403800964,0.6756243705749512
0.7753968834877014,0.5595356822013855,0.9665431976318359,0.685326099395752
0.7584203481674194,0.5518609881401062,0.9874070882797241,0.6983470320701599
0.7381483912467957,0.5427035689353943,1.0028609037399292,0.7064405083656311
