loss,mae,val_loss,val_mae
0.9093397259712219,0.5747705101966858,1.0549529790878296,0.651062548160553
0.8484801650047302,0.5472983717918396,1.0486150979995728,0.65166175365448
0.8236126899719238,0.5342103242874146,1.0511928796768188,0.649070680141449
0.810541570186615,0.527393102645874,1.0557584762573242,0.6457696557044983
0.7996136546134949,0.5225895643234253,1.0627509355545044,0.6439915299415588
0.7874581813812256,0.5178304314613342,1.0658066272735596,0.6412807106971741
0.7729790210723877,0.5127167105674744,1.072425127029419,0.6454695463180542
