loss,mae,val_loss,val_mae
0.9010365009307861,0.567853569984436,1.0434199571609497,0.648614764213562
0.8477416038513184,0.5446016788482666,1.0370337963104248,0.6490664482116699
0.8221211433410645,0.5316663384437561,1.0396758317947388,0.6473221778869629
0.8061423897743225,0.5235764384269714,1.0419692993164062,0.6449504494667053
0.7923513054847717,0.5172333121299744,1.050639271736145,0.6432574391365051
0.7759193778038025,0.5104857683181763,1.063300371170044,0.6458371877670288
0.756401777267456,0.5026086568832397,1.0837669372558594,0.6525270342826843
