loss,mae,val_loss,val_mae
0.8793826103210449,0.5630254149436951,1.0081629753112793,0.6178773045539856
0.8192938566207886,0.536817193031311,1.0034575462341309,0.6180527806282043
0.792447030544281,0.5220798254013062,1.0135555267333984,0.6161547303199768
0.7801162600517273,0.5147410035133362,1.0196945667266846,0.6164427399635315
0.7719024419784546,0.5103855133056641,1.0248850584030151,0.6197364330291748
0.7638993263244629,0.5066399574279785,1.0347965955734253,0.6277633309364319
0.7540868520736694,0.5030248761177063,1.0570656061172485,0.6412488222122192
