loss,mae,val_loss,val_mae
0.9368603825569153,0.6666649580001831,1.2780989408493042,0.8198586702346802
0.9005064964294434,0.6527757048606873,1.2710903882980347,0.8213377594947815
0.8823359608650208,0.6451267600059509,1.2767738103866577,0.8286998867988586
0.8670593500137329,0.6389013528823853,1.295589804649353,0.839523434638977
0.8517099618911743,0.6332749128341675,1.3248966932296753,0.8519529700279236
0.8344565033912659,0.626800000667572,1.346169352531433,0.8605656623840332
0.8152885437011719,0.6201083064079285,1.3704627752304077,0.8675955533981323
