loss,mae,val_loss,val_mae
0.9542200565338135,0.6740370988845825,1.3103604316711426,0.8179826736450195
0.9096605777740479,0.6544827818870544,1.286370038986206,0.8108627200126648
0.8917301893234253,0.6466661095619202,1.2791401147842407,0.8073147535324097
0.8809471726417542,0.6415300965309143,1.2794069051742554,0.8075931072235107
0.8732795715332031,0.638372540473938,1.283988118171692,0.8081238865852356
0.8661420345306396,0.6359558701515198,1.2932935953140259,0.8085605502128601
0.8585278391838074,0.6336631774902344,1.3086626529693604,0.8122798800468445
0.8501065373420715,0.6310610771179199,1.3268322944641113,0.8200583457946777
