loss,mae,val_loss,val_mae
0.9554740190505981,0.7358705997467041,1.0292967557907104,0.7714589238166809
0.9237155914306641,0.7215419411659241,1.0216304063796997,0.7695193290710449
0.9103373289108276,0.7148131132125854,1.018062949180603,0.7680097222328186
0.9008703231811523,0.7098507881164551,1.017724633216858,0.7679113149642944
0.89299476146698,0.7057777643203735,1.0197689533233643,0.7698705792427063
0.8841365575790405,0.7013065218925476,1.0274395942687988,0.7750764489173889
0.8707213401794434,0.6944707632064819,1.045366883277893,0.7828177213668823
0.8529913425445557,0.6863241195678711,1.0705112218856812,0.7905126214027405
0.8311154246330261,0.6773349046707153,1.0932010412216187,0.7960175275802612
