loss,mae,val_loss,val_mae
0.9087164998054504,0.5950188040733337,1.0748211145401,0.6668627858161926
0.859379231929779,0.5698807835578918,1.0713913440704346,0.6766123175621033
0.8385470509529114,0.5589616298675537,1.0771886110305786,0.6828862428665161
0.8266210556030273,0.553102970123291,1.0884290933609009,0.6900346279144287
0.8149141073226929,0.5482761263847351,1.110630989074707,0.6995867490768433
0.8012556433677673,0.5425659418106079,1.1210341453552246,0.6926242709159851
0.7845498919487,0.5365225076675415,1.1513495445251465,0.7019750475883484
