loss,mae,val_loss,val_mae
0.9141228795051575,0.5956246852874756,1.0655049085617065,0.6519927978515625
0.8630130290985107,0.5721675753593445,1.0590898990631104,0.65318363904953
0.8402646780014038,0.5603973269462585,1.061177134513855,0.6551812887191772
0.8268500566482544,0.5535348057746887,1.0692692995071411,0.6623088121414185
0.8143094182014465,0.5479880571365356,1.0820800065994263,0.6686817407608032
0.7997850179672241,0.5414824485778809,1.0992358922958374,0.6724981665611267
0.7824648022651672,0.5345354080200195,1.1150333881378174,0.6710895299911499
