loss,mae,val_loss,val_mae
0.9540776014328003,0.7182499766349792,0.9945197105407715,0.7415515184402466
0.9291966557502747,0.707938015460968,0.99418044090271,0.7496172189712524
0.9198028445243835,0.7038079500198364,0.9980202317237854,0.7547860741615295
0.9120046496391296,0.7003762125968933,1.0092473030090332,0.7629005908966064
0.9021480679512024,0.6959794759750366,1.0233798027038574,0.7687084078788757
0.8886936902999878,0.6908563375473022,1.0418670177459717,0.7733408808708191
0.8760268688201904,0.6848941445350647,1.044014811515808,0.7692219614982605
