loss,mae,val_loss,val_mae
0.9635997414588928,0.7357360124588013,1.0514271259307861,0.7787585258483887
0.926508903503418,0.7211910486221313,1.0442043542861938,0.7758173942565918
0.9141285419464111,0.7152714729309082,1.0412156581878662,0.7749122977256775
0.905236005783081,0.7107610702514648,1.0426454544067383,0.7761917114257812
0.8974786400794983,0.7070057988166809,1.0467299222946167,0.7787434458732605
0.8890184164047241,0.7031564116477966,1.0587022304534912,0.7851732969284058
0.8788877129554749,0.6988809704780579,1.077038288116455,0.7935910820960999
0.8666307926177979,0.693585216999054,1.1007490158081055,0.8033450245857239
