loss,mae,r2_keras,val_loss,val_mae,val_r2_keras
0.9831532835960388,0.39505481719970703,-0.07250630855560303,1.334600567817688,0.45119214057922363,-1.4233622550964355
0.9652804136276245,0.39120960235595703,-0.05969393253326416,1.3301581144332886,0.44985806941986084,-1.335009217262268
0.9573577046394348,0.3893166184425354,-0.06047345697879791,1.3296308517456055,0.4511711597442627,-1.3165992498397827
0.9507971405982971,0.387895792722702,-0.06277994066476822,1.3317220211029053,0.4548887610435486,-1.3765562772750854
0.9440886378288269,0.38670942187309265,-0.06500758230686188,1.335262656211853,0.4596892297267914,-1.5109695196151733
0.9352753758430481,0.38553234934806824,-0.06492701172828674,1.3408393859863281,0.46543365716934204,-1.7177581787109375
0.920025110244751,0.3842373192310333,-0.05693130940198898,1.350404977798462,0.4730682075023651,-1.9823800325393677
0.9002214074134827,0.3822287321090698,-0.045258812606334686,1.418514370918274,0.4921875596046448,-2.0520012378692627
