loss,mae,r2_keras,val_loss,val_mae,val_r2_keras
0.9603294134140015,0.6540907025337219,0.010202337056398392,1.1067875623703003,0.7153451442718506,-0.25866129994392395
0.927839457988739,0.6443009376525879,0.04366074129939079,1.0978784561157227,0.7182241082191467,-0.2694835066795349
0.917157769203186,0.6399292349815369,0.053503166884183884,1.0921908617019653,0.7206728458404541,-0.28695860505104065
0.9079273343086243,0.6360955238342285,0.0622219555079937,1.0946937799453735,0.7270887494087219,-0.3266710937023163
0.8987236022949219,0.6327418684959412,0.07099796086549759,1.1081005334854126,0.7382138967514038,-0.405080646276474
0.890117347240448,0.6291311383247375,0.0790187194943428,1.1177946329116821,0.7441294193267822,-0.47377651929855347
0.8812769651412964,0.6250231266021729,0.08723925799131393,1.123799443244934,0.7455116510391235,-0.5278237462043762
0.8716243505477905,0.6205039024353027,0.09631083905696869,1.13699209690094,0.7492647171020508,-0.5915669202804565
