loss,mae,r2_keras,val_loss,val_mae,val_r2_keras
0.983117401599884,0.32922831177711487,-0.1716781109571457,1.2286850214004517,0.38626885414123535,-4.454280853271484
0.9534428715705872,0.32233119010925293,-0.2004920095205307,1.2327313423156738,0.4017319083213806,-4.756298065185547
0.9362996220588684,0.3184640109539032,-0.2344464510679245,1.248392105102539,0.4200557768344879,-5.850797653198242
0.922471284866333,0.31558114290237427,-0.2573114335536957,1.2604076862335205,0.4142898619174957,-6.052766799926758
0.9103253483772278,0.31451165676116943,-0.29576611518859863,1.2805759906768799,0.42241033911705017,-9.046566009521484
0.8917096853256226,0.30956026911735535,-0.28981083631515503,1.2913007736206055,0.4261537194252014,-11.842477798461914
