loss,mae,r2_keras,val_loss,val_mae,val_r2_keras
0.9843801856040955,0.40976035594940186,-0.052716828882694244,1.9201470613479614,0.5491943955421448,-0.2019912302494049
0.9609617590904236,0.4017019271850586,-0.0305373165756464,1.9151370525360107,0.551264226436615,-0.1919841766357422
0.948418378829956,0.3991451561450958,-0.026877662166953087,1.915113091468811,0.5520181655883789,-0.20604297518730164
0.936387836933136,0.39665767550468445,-0.026547690853476524,1.9204615354537964,0.5556638240814209,-0.25646016001701355
0.9239150881767273,0.39525726437568665,-0.028351210057735443,1.927732229232788,0.5559731721878052,-0.3058839738368988
0.9087159037590027,0.3929072618484497,-0.025919772684574127,1.9431639909744263,0.5241162180900574,-0.14429564774036407
0.8974762558937073,0.39123669266700745,-0.021228423342108727,1.9467459917068481,0.5582330226898193,-0.4075711667537689
0.8750558495521545,0.3885379433631897,-0.017892133444547653,1.9690738916397095,0.5390027761459351,-0.2147074192762375
