loss,mae,r2_keras,val_loss,val_mae,val_r2_keras
1.0095717906951904,0.4250001907348633,-0.04419735446572304,0.5537168979644775,0.4005546569824219,-0.612723708152771
0.9850701093673706,0.41099032759666443,-0.015751952305436134,0.548531174659729,0.39487501978874207,-0.7281506061553955
0.9764665365219116,0.40743058919906616,-0.006234406493604183,0.5466991066932678,0.39240625500679016,-0.7729692459106445
0.9700407385826111,0.40511101484298706,0.0004026047536171973,0.5464600324630737,0.39067476987838745,-0.781223714351654
0.9641770720481873,0.40332815051078796,0.005036483518779278,0.5475231409072876,0.3898773193359375,-0.7811905145645142
0.9581097364425659,0.40196120738983154,0.007324943318963051,0.5496712923049927,0.39011117815971375,-0.7662808895111084
0.9512446522712708,0.4008445143699646,0.009193857200443745,0.5514732599258423,0.39040422439575195,-0.7227926850318909
0.9421615600585938,0.3989819288253784,0.014616942033171654,0.5473721623420715,0.3918575644493103,-0.9439945220947266
0.938520073890686,0.3997947573661804,0.013846669346094131,0.5545847415924072,0.3903862237930298,-0.6482101082801819
