loss,mae,r2_keras,val_loss,val_mae,val_r2_keras
1.002812147140503,0.4196847677230835,-0.04051373153924942,0.5597595572471619,0.44115912914276123,-1.686234951019287
0.9808917045593262,0.40906617045402527,-0.008045066148042679,0.5502272248268127,0.43520069122314453,-1.9883654117584229
0.9713922739028931,0.40604326128959656,-0.0007030658307485282,0.5477869510650635,0.43336963653564453,-2.232694387435913
0.9637093544006348,0.40397781133651733,0.0027804144192487,0.5485161542892456,0.43383240699768066,-2.4991841316223145
0.9568315744400024,0.4027186930179596,0.0037394023966044188,0.552640438079834,0.4366432726383209,-2.8344383239746094
0.94926518201828,0.40124407410621643,0.00475320965051651,0.5602896213531494,0.44067052006721497,-3.07633638381958
0.9414447546005249,0.3993386924266815,0.006643005181103945,0.5566301345825195,0.43266382813453674,-3.705630302429199
0.9362009167671204,0.3980935513973236,0.0036705706734210253,0.5717517137527466,0.43531158566474915,-2.518047571182251
