loss,mae,r2_keras,val_loss,val_mae,val_r2_keras
0.9828894734382629,0.39368394017219543,-0.07046586275100708,1.3373819589614868,0.4533053934574127,-1.6122885942459106
0.9648217558860779,0.3909326195716858,-0.06022581458091736,1.3309599161148071,0.4539632201194763,-1.596789002418518
0.9564108848571777,0.3893427848815918,-0.062207065522670746,1.3308947086334229,0.4560546875,-1.6950165033340454
0.9491817355155945,0.3881918787956238,-0.06765981018543243,1.3323606252670288,0.4575519263744354,-1.7969673871994019
0.9408779144287109,0.3867020905017853,-0.07387351244688034,1.3344848155975342,0.4615514576435089,-1.8685510158538818
0.9300748705863953,0.38509097695350647,-0.07732590287923813,1.3426779508590698,0.4659673869609833,-1.8979099988937378
0.9156667590141296,0.38400954008102417,-0.07283587753772736,1.3700308799743652,0.47692763805389404,-2.0361387729644775
0.8996726274490356,0.38230982422828674,-0.07817234098911285,1.4115077257156372,0.4909413456916809,-2.0489892959594727
