loss,mae,r2_keras,val_loss,val_mae,val_r2_keras
0.9910975098609924,0.39422938227653503,-0.09758228063583374,1.3594741821289062,0.44406193494796753,-1.1400736570358276
0.9689646363258362,0.38844534754753113,-0.06500483304262161,1.354346752166748,0.4448077976703644,-1.0701594352722168
0.9612453579902649,0.3866692781448364,-0.06586745381355286,1.3530168533325195,0.44627517461776733,-1.0680054426193237
0.955100417137146,0.38547375798225403,-0.06858082115650177,1.3526827096939087,0.4473441541194916,-1.0974866151809692
0.9487670660018921,0.38456687331199646,-0.07281593978404999,1.3541676998138428,0.45011600852012634,-1.1374255418777466
0.9408819079399109,0.3837699890136719,-0.07393649220466614,1.363434076309204,0.4579997956752777,-1.1698145866394043
0.9291591048240662,0.3825046122074127,-0.06612683832645416,1.3665847778320312,0.45913729071617126,-1.2089580297470093
0.9208163022994995,0.3819255232810974,-0.06999017298221588,1.3816635608673096,0.46748918294906616,-1.395003318786621
0.9016700983047485,0.3789643347263336,-0.061589207500219345,1.4408303499221802,0.48970499634742737,-1.4590317010879517
