loss,mae,r2_keras,val_loss,val_mae,val_r2_keras
0.9952871203422546,0.3649650812149048,-0.04435373842716217,1.9786535501480103,0.4110918641090393,-2.4004592895507812
0.9773157238960266,0.3576473891735077,-0.024388272315263748,1.981784701347351,0.4169454872608185,-2.8200387954711914
0.96757972240448,0.35521039366722107,-0.021551644429564476,2.0004324913024902,0.42472848296165466,-3.5792832374572754
0.9561840891838074,0.3537592589855194,-0.021892867982387543,2.0343384742736816,0.4276284873485565,-4.604791641235352
0.9450486898422241,0.35290098190307617,-0.023866981267929077,2.0715842247009277,0.4446319043636322,-7.201083660125732
0.9263232350349426,0.35113605856895447,-0.02298528142273426,2.097864866256714,0.4476071894168854,-7.0109686851501465
