loss,mae,r2_keras,val_loss,val_mae,val_r2_keras
0.9540136456489563,0.6543784141540527,0.004448894876986742,0.9575040340423584,0.6503360867500305,-0.38914766907691956
0.9063088893890381,0.6348059773445129,0.06023788824677467,0.9418410658836365,0.644928514957428,-0.3228468596935272
0.8919368982315063,0.6285461187362671,0.07401976734399796,0.9427585601806641,0.6488279104232788,-0.315702348947525
0.880967915058136,0.6235224008560181,0.08400730788707733,0.9513319134712219,0.6542680263519287,-0.33039233088493347
0.8698096871376038,0.6178365349769592,0.09410931915044785,0.9645971059799194,0.6604685187339783,-0.38177767395973206
0.8594951033592224,0.6131975650787354,0.10339688509702682,0.9757491946220398,0.6633633971214294,-0.41878488659858704
0.8483023047447205,0.6078647971153259,0.11383011937141418,0.9911063313484192,0.6664420962333679,-0.45065411925315857
