loss,mae,r2_keras,val_loss,val_mae,val_r2_keras
0.2897595167160034,0.42513036727905273,0.6993393301963806,0.19616836309432983,0.3520205020904541,-0.01628873124718666
0.22639060020446777,0.37940725684165955,0.7638372778892517,0.1901627779006958,0.34536615014076233,0.009844348765909672
0.21824872493743896,0.3719016909599304,0.7724270224571228,0.18781068921089172,0.34170904755592346,0.02106723003089428
0.21255998313426971,0.36636900901794434,0.7784902453422546,0.18756777048110962,0.340531587600708,0.02207217365503311
0.20827078819274902,0.3619360029697418,0.7830911874771118,0.18814389407634735,0.34045082330703735,0.019244253635406494
0.20483486354351044,0.35834041237831116,0.7867787480354309,0.1889268159866333,0.34083595871925354,0.015649208799004555
0.20176930725574493,0.3552353084087372,0.7900432348251343,0.1901034265756607,0.34187519550323486,0.009767071343958378
0.1987948715686798,0.35232993960380554,0.7931787967681885,0.19192427396774292,0.34380096197128296,0.0004724768514279276
0.19584529101848602,0.3494599759578705,0.7963012456893921,0.19398197531700134,0.3458305895328522,-0.009096507914364338
