loss,mae,r2_keras,val_loss,val_mae,val_r2_keras
0.9874966740608215,0.4108086824417114,-0.02214186266064644,1.2470709085464478,0.3657977283000946,-7.275173664093018
0.9687665700912476,0.4003967046737671,0.005738213192671537,1.2441840171813965,0.3642897307872772,-7.620551109313965
0.9603162407875061,0.3974619209766388,0.014727987349033356,1.2450473308563232,0.3622804582118988,-7.796225547790527
0.9528551697731018,0.39504411816596985,0.021759675815701485,1.2472949028015137,0.3594711124897003,-7.879244804382324
0.9445495009422302,0.39281290769577026,0.02822413481771946,1.2519901990890503,0.35633644461631775,-8.416776657104492
0.9340900182723999,0.3915332555770874,0.0349004752933979,1.2621636390686035,0.35792386531829834,-10.029988288879395
0.9211046099662781,0.3892425000667572,0.0438615158200264,1.276218295097351,0.36425793170928955,-10.273707389831543
