loss,mae,r2_keras,val_loss,val_mae,val_r2_keras
0.9868314266204834,0.39413711428642273,-0.06326683610677719,1.3452364206314087,0.42903822660446167,-0.3835502862930298
0.9682707786560059,0.38770580291748047,-0.043853048235177994,1.340089201927185,0.4307502210140228,-0.3730180561542511
0.959873378276825,0.38581743836402893,-0.040359463542699814,1.340193271636963,0.43259480595588684,-0.3720053732395172
0.9522002935409546,0.38441506028175354,-0.038737330585718155,1.346645474433899,0.4372069239616394,-0.40039968490600586
0.9436677694320679,0.3829613924026489,-0.037974439561367035,1.3590071201324463,0.4430043399333954,-0.4918041229248047
0.9333165287971497,0.38142654299736023,-0.03716002404689789,1.387688398361206,0.4525160491466522,-0.6416133046150208
0.9204360842704773,0.3801831901073456,-0.03532751277089119,1.4371702671051025,0.46901655197143555,-0.9710600972175598
