loss,mae,r2_keras,val_loss,val_mae,val_r2_keras
0.9976248145103455,0.3657553791999817,-0.04698525369167328,1.131421685218811,0.32358095049858093,-4.641997337341309
0.9770110249519348,0.3569242060184479,-0.021615179255604744,1.1202800273895264,0.31730255484580994,-3.8110735416412354
0.9686352014541626,0.3530932664871216,-0.014451423659920692,1.1169923543930054,0.31336548924446106,-3.388991117477417
0.9612407684326172,0.3507530093193054,-0.009336134418845177,1.1162594556808472,0.3110959827899933,-3.1027708053588867
0.9520835876464844,0.34884878993034363,-0.003342687152326107,1.1188271045684814,0.30748945474624634,-2.9846441745758057
0.9405428767204285,0.34615951776504517,-0.004744628444314003,1.1283884048461914,0.3090047538280487,-3.2869861125946045
0.9221885800361633,0.3427327871322632,0.004900389350950718,1.1388049125671387,0.3065122663974762,-3.4143285751342773
0.8992632031440735,0.33967483043670654,0.017200710251927376,1.1582733392715454,0.30611032247543335,-3.4138972759246826
0.8709653615951538,0.33675944805145264,0.03652150183916092,1.1859663724899292,0.3081444203853607,-4.331873893737793
