loss,mae,r2_keras,val_loss,val_mae,val_r2_keras
0.9971773028373718,0.3625324070453644,-0.061216458678245544,1.1281890869140625,0.3343963623046875,-4.327680587768555
0.9770476818084717,0.35642725229263306,-0.04074793681502342,1.1190967559814453,0.328449010848999,-3.9313879013061523
0.9671969413757324,0.3525822162628174,-0.035702355206012726,1.1150246858596802,0.3224616050720215,-3.761744976043701
0.957632839679718,0.3496466875076294,-0.03514391928911209,1.1155165433883667,0.3127978444099426,-3.7675881385803223
0.946945309638977,0.3469530940055847,-0.03585316240787506,1.12265145778656,0.30561646819114685,-3.586451292037964
0.9350920915603638,0.3449195325374603,-0.03887791931629181,1.1363866329193115,0.30518022179603577,-3.346829414367676
0.9222239255905151,0.3437654376029968,-0.033636804670095444,1.1698249578475952,0.31940796971321106,-7.240023136138916
0.9031869173049927,0.34116068482398987,-0.0207045990973711,1.2010512351989746,0.3288104236125946,-9.491036415100098
