loss,mae,r2_keras,val_loss,val_mae,val_r2_keras
0.9975403547286987,0.4319363832473755,-0.04019348695874214,0.599365770816803,0.442242830991745,-1.399366855621338
0.9818925857543945,0.4230639636516571,-0.012354820035398006,0.5912507176399231,0.43521708250045776,-1.6435658931732178
0.9743706583976746,0.4202999472618103,-0.0024443233851343393,0.5884958505630493,0.4314112961292267,-1.7636915445327759
0.9684798717498779,0.4185379147529602,0.004213347099721432,0.5880631804466248,0.4296131432056427,-1.8215783834457397
0.9632566571235657,0.4172280728816986,0.008832236751914024,0.5890158414840698,0.4298713207244873,-1.8715744018554688
0.9580987691879272,0.41616493463516235,0.01221605483442545,0.5913678407669067,0.4319901764392853,-1.9191545248031616
0.9524393081665039,0.41514328122138977,0.015480837784707546,0.5956333875656128,0.4354107677936554,-1.8822731971740723
0.9453566074371338,0.41368773579597473,0.01952493004500866,0.6014129519462585,0.4394572377204895,-1.8297432661056519
0.934701144695282,0.4113277494907379,0.02545659802854061,0.6171786189079285,0.4428229331970215,-1.5515072345733643
