loss,mae,val_loss,val_mae
0.9074287414550781,0.5622171759605408,1.0914913415908813,0.6860130429267883
0.8649934530258179,0.5439156889915466,1.0880770683288574,0.6864713430404663
0.8472775816917419,0.5340104103088379,1.0904160737991333,0.6880894303321838
0.8355223536491394,0.5277054309844971,1.0962435007095337,0.6856299638748169
0.8256037831306458,0.5232515335083008,1.1054555177688599,0.6868559718132019
0.8156551122665405,0.5196052193641663,1.1166518926620483,0.690925657749176
0.8010540008544922,0.5134798884391785,1.1235084533691406,0.6890001893043518
