loss,mae,r2_keras,val_loss,val_mae,val_r2_keras
0.9358815550804138,0.6958263516426086,0.029189934954047203,0.877505362033844,0.6454166769981384,-1.1394022703170776
0.8984998464584351,0.6740669012069702,0.07128561288118362,0.8657951951026917,0.6330642104148865,-1.176334023475647
0.8808504939079285,0.6650730967521667,0.08929859101772308,0.8654710054397583,0.6331453919410706,-1.3449028730392456
0.8664035201072693,0.6579663157463074,0.10371827334165573,0.8737396001815796,0.6420256495475769,-1.7235386371612549
0.8533601760864258,0.6513282060623169,0.11636251956224442,0.8877251744270325,0.650364100933075,-2.212336778640747
0.841236412525177,0.6446294784545898,0.1277938187122345,0.902579665184021,0.655239462852478,-2.6132495403289795
0.8299176096916199,0.6387039422988892,0.13832363486289978,0.9121361970901489,0.6584721207618713,-2.8004887104034424
0.8168427348136902,0.6319341063499451,0.15045911073684692,0.9226906299591064,0.6631169319152832,-2.878577470779419
