loss,mae,r2_keras,val_loss,val_mae,val_r2_keras
0.9852604269981384,0.40243086218833923,-0.07144949585199356,1.3927513360977173,0.4757092595100403,-0.3152487874031067
0.9627014994621277,0.3966454863548279,-0.056026630103588104,1.389969825744629,0.47950243949890137,-0.3209010362625122
0.9538748860359192,0.39417141675949097,-0.05407701060175896,1.3911240100860596,0.48302969336509705,-0.3337230384349823
0.9466075897216797,0.39192235469818115,-0.05213475972414017,1.3960703611373901,0.48855578899383545,-0.34476110339164734
0.9396956562995911,0.3899516761302948,-0.050703343003988266,1.4081110954284668,0.4964447021484375,-0.35267409682273865
0.9324143528938293,0.3885423243045807,-0.04963121935725212,1.4296391010284424,0.5066043138504028,-0.39293432235717773
0.9207426905632019,0.3858637809753418,-0.05170843005180359,1.4537506103515625,0.5111910104751587,-0.4060250222682953
