loss,mae,r2_keras,val_loss,val_mae,val_r2_keras
0.16242332756519318,0.2964189350605011,0.8293807506561279,0.1530817300081253,0.2884860038757324,0.030135460197925568
0.10720285773277283,0.24851110577583313,0.8859400153160095,0.14922267198562622,0.28455057740211487,0.05009644478559494
0.10321731120347977,0.24336180090904236,0.8901405930519104,0.14768142998218536,0.28312817215919495,0.05688628554344177
0.10087509453296661,0.24025270342826843,0.8926307559013367,0.14715249836444855,0.282495379447937,0.058618899434804916
0.09927967190742493,0.2381928712129593,0.8943345546722412,0.14721032977104187,0.282307505607605,0.057757265865802765
0.0981481522321701,0.23675930500030518,0.89554363489151,0.14757926762104034,0.28233271837234497,0.05561117082834244
0.09731917828321457,0.2357073873281479,0.8964255452156067,0.1480889469385147,0.2825235426425934,0.05277441814541817
0.09666889905929565,0.23490622639656067,0.8971120119094849,0.14864373207092285,0.28289106488227844,0.04954051598906517
0.09610462188720703,0.23425735533237457,0.897704005241394,0.14920759201049805,0.28334033489227295,0.04606848955154419
