loss,mae,val_loss,val_mae
0.9196639657020569,0.5873203277587891,1.1246641874313354,0.6920948028564453
0.8756012320518494,0.5685972571372986,1.116154432296753,0.6880878806114197
0.8564330339431763,0.5583311319351196,1.1162878274917603,0.689884603023529
0.8439314961433411,0.5518283843994141,1.1207525730133057,0.6940304040908813
0.8335065245628357,0.5470263957977295,1.128057599067688,0.6945210099220276
0.8224927186965942,0.5422651767730713,1.1356678009033203,0.6917067170143127
0.8099955916404724,0.5374408960342407,1.1324958801269531,0.6800470352172852
