loss,mae,r2_keras,val_loss,val_mae,val_r2_keras
0.976784884929657,0.3281824588775635,-0.22748272120952606,1.2330082654953003,0.3798676133155823,-4.098451614379883
0.9509211778640747,0.320302277803421,-0.23243620991706848,1.2351725101470947,0.3903321921825409,-4.755824089050293
0.9367856383323669,0.3173292279243469,-0.2627878785133362,1.2399003505706787,0.39876753091812134,-4.19502592086792
0.924347996711731,0.31496527791023254,-0.3013618588447571,1.247335433959961,0.4057888686656952,-3.9864256381988525
0.9120122194290161,0.31299951672554016,-0.34248754382133484,1.255791425704956,0.40923309326171875,-4.934943675994873
0.8984019756317139,0.3114122152328491,-0.3998570740222931,1.2621073722839355,0.41224226355552673,-7.138221263885498
