loss,mae,r2_keras,val_loss,val_mae,val_r2_keras
0.192023366689682,0.3293136656284332,0.7970886826515198,0.17349807918071747,0.32096800208091736,0.012086338363587856
0.1253642588853836,0.2711426913738251,0.8669511675834656,0.17152324318885803,0.3196375072002411,0.009639661759138107
0.12162119895219803,0.26685041189193726,0.870860755443573,0.1710124909877777,0.3197989761829376,0.009924368001520634
0.11897487193346024,0.2637232840061188,0.8736287951469421,0.17115174233913422,0.32022175192832947,0.009509246796369553
0.11674313247203827,0.26109203696250916,0.8759658336639404,0.17149566113948822,0.3204454481601715,0.009234726428985596
0.11475340276956558,0.25879332423210144,0.8780572414398193,0.17199669778347015,0.32057371735572815,0.008503895252943039
0.11293995380401611,0.2566644251346588,0.8799734115600586,0.17272962629795074,0.32110655307769775,0.006405231077224016
0.11126811057329178,0.25473305583000183,0.8817471265792847,0.17385198175907135,0.3220728635787964,0.0020271569956094027
