loss,mae,r2_keras,val_loss,val_mae,val_r2_keras
0.3524263799190521,0.46871182322502136,0.6293710470199585,0.26118046045303345,0.41343072056770325,-0.06118873506784439
0.2637937366962433,0.408754825592041,0.721605122089386,0.25709280371665955,0.40826651453971863,-0.04989136382937431
0.2533459961414337,0.4001312553882599,0.7325427532196045,0.2569531798362732,0.405857652425766,-0.04827084764838219
0.24600417912006378,0.39364710450172424,0.7402336001396179,0.2573954463005066,0.4038039743900299,-0.04499874264001846
0.24022376537322998,0.38833656907081604,0.7462960481643677,0.2581771910190582,0.40271806716918945,-0.043377649039030075
0.23545730113983154,0.38382741808891296,0.7512978315353394,0.2591375410556793,0.40227073431015015,-0.04312780499458313
0.2313825786113739,0.37991711497306824,0.7555563449859619,0.260334849357605,0.40238502621650696,-0.04427917301654816
0.2277802973985672,0.3764760196208954,0.7593247294425964,0.2619103491306305,0.4030765891075134,-0.0476679801940918
