loss,mae,val_loss,val_mae
0.949408769607544,0.6699408888816833,1.3138039112091064,0.8220710158348083
0.9114200472831726,0.654135525226593,1.2903972864151,0.8185932040214539
0.8938497304916382,0.6462560892105103,1.2872424125671387,0.825363278388977
0.8828591704368591,0.6416491866111755,1.3031327724456787,0.8368353247642517
0.8747854828834534,0.6390771865844727,1.327783465385437,0.8470766544342041
0.8668633699417114,0.6367592811584473,1.3469585180282593,0.850666344165802
0.8570608496665955,0.633725643157959,1.372817039489746,0.8633326888084412
0.8452107906341553,0.6297473907470703,1.3879163265228271,0.8667974472045898
