loss,mae,r2_keras,val_loss,val_mae,val_r2_keras
0.9795268774032593,0.3382452428340912,-0.13253778219223022,1.2319111824035645,0.41998109221458435,-8.969918251037598
0.9472137689590454,0.32971814274787903,-0.12449584901332855,1.2343709468841553,0.4189755916595459,-6.743524551391602
0.9325649738311768,0.3261718451976776,-0.1321250945329666,1.239377737045288,0.419232577085495,-5.961401462554932
0.923512876033783,0.32318925857543945,-0.1411183923482895,1.246897578239441,0.42480653524398804,-5.733361721038818
0.9136701822280884,0.3212938606739044,-0.15781791508197784,1.2545738220214844,0.42667290568351746,-5.634284496307373
0.9017428159713745,0.319481760263443,-0.17457786202430725,1.263889193534851,0.42767244577407837,-5.243757247924805
