loss,mae,val_loss,val_mae
0.9552244544029236,0.7152314782142639,1.058828353881836,0.7655429244041443
0.9309256076812744,0.7047004699707031,1.0556174516677856,0.7643006443977356
0.9231429696083069,0.7012747526168823,1.0571283102035522,0.7658432722091675
0.9166894555091858,0.6982191205024719,1.0609207153320312,0.7671400904655457
0.9099189043045044,0.6947932243347168,1.0680474042892456,0.769830584526062
0.9030745625495911,0.6917439699172974,1.0793009996414185,0.7757225632667542
0.8954845070838928,0.6884888410568237,1.0896573066711426,0.7806607484817505
