loss,mae,r2_keras,val_loss,val_mae,val_r2_keras
0.9943976402282715,0.38987433910369873,-0.08124880492687225,3.0963590145111084,0.47688862681388855,-2.075289249420166
0.9742670655250549,0.3806513845920563,-0.06755708158016205,3.073301076889038,0.46925434470176697,-1.8259185552597046
0.9624050259590149,0.37553077936172485,-0.06920833885669708,3.0535993576049805,0.4623568058013916,-2.091160297393799
0.9517508745193481,0.37474310398101807,-0.07084246724843979,3.0595967769622803,0.4631212055683136,-2.253486156463623
0.9412229657173157,0.3724593222141266,-0.06654112786054611,3.077845811843872,0.4755799472332001,-2.893470287322998
0.9292741417884827,0.37039366364479065,-0.06302492320537567,3.095000982284546,0.4743134081363678,-3.0191338062286377
0.9136061072349548,0.36765310168266296,-0.05812181904911995,3.1345272064208984,0.47317594289779663,-2.9226856231689453
0.9018412232398987,0.3639144003391266,-0.04840879887342453,3.1499099731445312,0.49367859959602356,-3.292797327041626
