loss,mae,r2_keras,val_loss,val_mae,val_r2_keras
0.15193556249141693,0.2908262014389038,0.8415610194206238,0.15527522563934326,0.2891634702682495,0.01943383365869522
0.10764171928167343,0.2495819628238678,0.8866191506385803,0.14985668659210205,0.28329306840896606,0.050551801919937134
0.10361408442258835,0.24418312311172485,0.8908105492591858,0.1480983942747116,0.28162336349487305,0.05774694308638573
0.10140255838632584,0.2411268800497055,0.893085777759552,0.147446408867836,0.28110501170158386,0.057882774621248245
0.10000959783792496,0.2392774075269699,0.8945170640945435,0.14744797348976135,0.28120899200439453,0.055175893008708954
0.09904054552316666,0.2380944788455963,0.8955199718475342,0.14781221747398376,0.2816002666950226,0.05140227451920509
0.09827126562595367,0.23722027242183685,0.8963181376457214,0.1483784317970276,0.2821989953517914,0.04701606184244156
0.09758690744638443,0.2364765703678131,0.897026777267456,0.1490907222032547,0.28296148777008057,0.041977837681770325
0.09692654013633728,0.2357858121395111,0.8977087736129761,0.1499483436346054,0.2838421165943146,0.03613831847906113
