loss,mae,val_loss,val_mae
0.9560518860816956,0.7332574129104614,1.1034892797470093,0.8063068985939026
0.9260633587837219,0.7200410962104797,1.0987648963928223,0.8032804131507874
0.9165450930595398,0.7155420184135437,1.09609854221344,0.801007866859436
0.9103133082389832,0.7124248743057251,1.0951991081237793,0.8003068566322327
0.9052527546882629,0.7100235819816589,1.097123384475708,0.8014655113220215
0.900093138217926,0.7078047394752502,1.100783109664917,0.8025528192520142
0.8938661217689514,0.7051392197608948,1.1087086200714111,0.8047131299972534
0.8862836360931396,0.7018688917160034,1.123777985572815,0.8084263205528259
0.8769029974937439,0.6979647278785706,1.1531052589416504,0.822212278842926
