loss,mae,r2_keras,val_loss,val_mae,val_r2_keras
0.9572338461875916,0.3809705376625061,-0.05721868574619293,1.9674921035766602,0.4209354519844055,-6.602802753448486
0.9451698064804077,0.377578467130661,-0.03770887106657028,1.9526464939117432,0.41328826546669006,-4.605532646179199
0.9388090372085571,0.37343791127204895,-0.03127303719520569,1.9458677768707275,0.41054150462150574,-3.6868221759796143
0.9332315921783447,0.3701758086681366,-0.02700692042708397,1.9433585405349731,0.4102376699447632,-3.0799927711486816
0.9278846383094788,0.3677242398262024,-0.024307401850819588,1.9435102939605713,0.40884891152381897,-2.5986697673797607
0.9221467971801758,0.3658175766468048,-0.022691817954182625,1.9467605352401733,0.40524300932884216,-2.195728302001953
0.9156408905982971,0.36428502202033997,-0.022118886932730675,1.9539976119995117,0.4021628797054291,-1.917150855064392
0.9077855348587036,0.3627278804779053,-0.020202239975333214,1.9636766910552979,0.40479639172554016,-1.986663818359375
0.8972168564796448,0.36044612526893616,-0.013958309777081013,1.9834500551223755,0.4156930446624756,-2.2267708778381348
