loss,mae,r2_keras,val_loss,val_mae,val_r2_keras
1.0141348838806152,0.4243435263633728,-0.10822015255689621,1.5507677793502808,0.4489096701145172,-1.125511646270752
0.9900605082511902,0.41394031047821045,-0.06887057423591614,1.5403550863265991,0.44593772292137146,-1.0224310159683228
0.9812947511672974,0.4106033146381378,-0.0671103224158287,1.5395314693450928,0.45036137104034424,-1.163228154182434
0.9730715155601501,0.4075583219528198,-0.06929673999547958,1.5426626205444336,0.453061044216156,-1.1501741409301758
0.9667899012565613,0.4056810438632965,-0.0718829408288002,1.546573519706726,0.4496172070503235,-0.9460886716842651
0.9608882665634155,0.40416407585144043,-0.07319173216819763,1.549028992652893,0.44413644075393677,-0.871242105960846
0.9553036093711853,0.40281814336776733,-0.07542076706886292,1.5483397245407104,0.44019195437431335,-0.8767781257629395
0.9486129879951477,0.40143316984176636,-0.07298638671636581,1.5515949726104736,0.4432273805141449,-0.925309419631958
