loss,mae,r2_keras,val_loss,val_mae,val_r2_keras
1.0038979053497314,0.3668023347854614,-0.14369554817676544,1.9975007772445679,0.38906556367874146,-2.2455668449401855
0.9854250550270081,0.35834550857543945,-0.11109655350446701,1.9808398485183716,0.3836461305618286,-2.1453661918640137
0.9766504764556885,0.35528892278671265,-0.10622968524694443,1.9751261472702026,0.38472241163253784,-2.349996328353882
0.9672571420669556,0.3530351221561432,-0.10132437944412231,1.9790008068084717,0.39299798011779785,-2.780626058578491
0.9555371403694153,0.3514983654022217,-0.0962245985865593,1.9894441366195679,0.39823031425476074,-3.221424102783203
0.9422820806503296,0.3492322862148285,-0.08759645372629166,1.9953272342681885,0.4015304744243622,-3.8770291805267334
0.9277451038360596,0.34856364130973816,-0.08635083585977554,2.008951425552368,0.40291133522987366,-4.217498302459717
0.9111284613609314,0.34655508399009705,-0.08158788830041885,2.03365159034729,0.40949365496635437,-4.713244438171387
