loss,mae,r2_keras,val_loss,val_mae,val_r2_keras
0.9822371006011963,0.3323304057121277,-0.2181060016155243,1.2417113780975342,0.37898415327072144,-31.324522018432617
0.9529531002044678,0.32152795791625977,-0.1900026500225067,1.2398844957351685,0.3812845051288605,-29.15803337097168
0.9381650686264038,0.31701338291168213,-0.19478927552700043,1.2409559488296509,0.3802477717399597,-28.69648551940918
0.9266687631607056,0.31368353962898254,-0.20531266927719116,1.2439771890640259,0.3786870241165161,-26.890769958496094
0.9168950915336609,0.31164926290512085,-0.22217506170272827,1.2499916553497314,0.3798520565032959,-25.161096572875977
0.9052886366844177,0.31019583344459534,-0.24424496293067932,1.2541735172271729,0.37536391615867615,-22.28247833251953
0.8904656171798706,0.3071136772632599,-0.2805901765823364,1.2582015991210938,0.37716394662857056,-25.309885025024414
