loss,mae,val_loss,val_mae
0.948095977306366,0.6699000597000122,1.3201346397399902,0.8265953660011292
0.9131200313568115,0.6553888916969299,1.2954025268554688,0.8152304887771606
0.8939542174339294,0.6470633745193481,1.2852288484573364,0.8132494688034058
0.8821359872817993,0.6420458555221558,1.2904657125473022,0.8146870732307434
0.8734444379806519,0.6387889385223389,1.3014204502105713,0.8181557655334473
0.8644104599952698,0.6356773972511292,1.3185988664627075,0.8247102499008179
0.8542992472648621,0.6327700614929199,1.3323742151260376,0.8289260864257812
0.8421066999435425,0.6286904811859131,1.3533973693847656,0.8326085805892944
