loss,mae,r2_keras,val_loss,val_mae,val_r2_keras
0.9324740171432495,0.6446576118469238,0.03055671602487564,0.9464712142944336,0.6022149920463562,-0.24525246024131775
0.8969593644142151,0.6283228397369385,0.06668997555971146,0.9356090426445007,0.5923715829849243,-0.18526911735534668
0.8843076825141907,0.6205067038536072,0.0788707360625267,0.93430495262146,0.590258777141571,-0.1758188009262085
0.8753297328948975,0.6153856515884399,0.08807513117790222,0.9363520741462708,0.5927537679672241,-0.18240004777908325
0.8671658635139465,0.611267626285553,0.09655952453613281,0.9392465353012085,0.5950508117675781,-0.18524621427059174
0.8587822318077087,0.6073206663131714,0.10480032116174698,0.9420096278190613,0.5964038968086243,-0.19004373252391815
0.8488367795944214,0.6025069952011108,0.1141652762889862,0.9450792670249939,0.5969527363777161,-0.19841939210891724
0.8365345597267151,0.5969907641410828,0.1256173849105835,0.9468763470649719,0.5967956781387329,-0.20270438492298126
