loss,mae,r2_keras,val_loss,val_mae,val_r2_keras
0.9472439289093018,0.6504529714584351,0.013779869303107262,0.945848822593689,0.6504767537117004,-0.4232160747051239
0.903539776802063,0.6324192881584167,0.06238831207156181,0.937067985534668,0.6459157466888428,-0.3373166024684906
0.8886195421218872,0.625310480594635,0.07635907083749771,0.9364569187164307,0.644015908241272,-0.2943301498889923
0.8775823712348938,0.6198583245277405,0.08626400679349899,0.9406510591506958,0.6436720490455627,-0.27605000138282776
0.8676707148551941,0.6152434945106506,0.09519369155168533,0.9525867104530334,0.6490429043769836,-0.29776763916015625
0.8578217029571533,0.6103584170341492,0.10436686873435974,0.9673855900764465,0.6555984616279602,-0.3389880359172821
0.8469660878181458,0.6049118041992188,0.11473707109689713,0.9869344234466553,0.6625096797943115,-0.39203330874443054
0.837385892868042,0.5996648669242859,0.12355374544858932,1.007637858390808,0.667835533618927,-0.4369782507419586
