loss,mae,r2_keras,val_loss,val_mae,val_r2_keras
0.23087504506111145,0.3700357973575592,0.7565019130706787,0.23038774728775024,0.3863472044467926,-0.1582147181034088
0.16569271683692932,0.31893056631088257,0.8238932490348816,0.21559827029705048,0.3711415231227875,-0.08647885918617249
0.15846595168113708,0.3105320930480957,0.8316222429275513,0.20796813070774078,0.3627874553203583,-0.055329762399196625
0.15483728051185608,0.3062710762023926,0.8354707956314087,0.20612594485282898,0.36075329780578613,-0.052456166595220566
0.15278053283691406,0.3039475381374359,0.837638258934021,0.2072371542453766,0.36203938722610474,-0.06329835206270218
0.15122540295124054,0.3022131323814392,0.839280903339386,0.20925265550613403,0.3644562065601349,-0.07850565761327744
0.1497543305158615,0.3005499541759491,0.8408467769622803,0.21045193076133728,0.3660450279712677,-0.08684854209423065
0.14825695753097534,0.2988143265247345,0.8424510955810547,0.21223817765712738,0.3679221272468567,-0.09715967625379562
0.14679235219955444,0.2971637547016144,0.8440232872962952,0.21448944509029388,0.3700806796550751,-0.10691121220588684
