loss,mae,r2_keras,val_loss,val_mae,val_r2_keras
0.28121501207351685,0.40852510929107666,0.7081102728843689,0.2112068086862564,0.3684534728527069,-0.08281654119491577
0.1886344701051712,0.34075605869293213,0.8022112846374512,0.2079157531261444,0.3660818040370941,-0.06845635920763016
0.18075555562973022,0.3326481580734253,0.8103232383728027,0.20741447806358337,0.3651672303676605,-0.05922771617770195
0.17541438341140747,0.3270155191421509,0.8158172369003296,0.2071530669927597,0.3644392192363739,-0.05039962753653526
0.17085622251033783,0.3221655786037445,0.820520281791687,0.20725379884243011,0.3640191853046417,-0.04335442930459976
0.166675865650177,0.31750625371932983,0.8248413801193237,0.2078876793384552,0.364156574010849,-0.03869172930717468
0.16282717883586884,0.313314825296402,0.8288214802742004,0.20912112295627594,0.36472636461257935,-0.0365004800260067
0.15927767753601074,0.3094434440135956,0.8324928879737854,0.2113109827041626,0.36606037616729736,-0.038618091493844986
0.15590479969978333,0.3057308495044708,0.8359735012054443,0.2151404321193695,0.36883386969566345,-0.04838883876800537
