loss,mae,r2_keras,val_loss,val_mae,val_r2_keras
0.9979513883590698,0.35757413506507874,-0.04834694042801857,1.1369831562042236,0.31313610076904297,-9.40574836730957
0.981696605682373,0.34882044792175293,-0.020155278965830803,1.1298749446868896,0.30872854590415955,-7.802348613739014
0.9737133979797363,0.34582433104515076,-0.013347499072551727,1.1277507543563843,0.3049757778644562,-6.8827972412109375
0.9661697745323181,0.3429974317550659,-0.009130134247243404,1.1284462213516235,0.30267593264579773,-6.421651840209961
0.956457257270813,0.34032678604125977,-0.006438989192247391,1.1334331035614014,0.3055741786956787,-6.452608108520508
0.9449451565742493,0.3370749354362488,-0.006559329107403755,1.1422269344329834,0.31177186965942383,-7.031307697296143
0.9277619123458862,0.3346397578716278,0.001584832789376378,1.1656923294067383,0.31562018394470215,-7.831313133239746
0.917670488357544,0.3389727771282196,-0.017488298937678337,1.1996923685073853,0.32438287138938904,-8.778191566467285
