loss,mae,r2_keras,val_loss,val_mae,val_r2_keras
0.9957908987998962,0.35533636808395386,-0.07126374542713165,1.128217339515686,0.30753764510154724,-5.67670202255249
0.9772847890853882,0.34802472591400146,-0.04165758192539215,1.1250243186950684,0.30423957109451294,-4.913858890533447
0.9689622521400452,0.34528735280036926,-0.03810090571641922,1.1259671449661255,0.3027554154396057,-4.5806379318237305
0.9617545008659363,0.343230277299881,-0.03521523252129555,1.1283905506134033,0.30269137024879456,-4.618063926696777
0.9539946913719177,0.34130412340164185,-0.031620461493730545,1.1327760219573975,0.3042316436767578,-5.0962748527526855
0.9437413811683655,0.3394862115383148,-0.028308866545557976,1.140806794166565,0.3083847463130951,-6.115386486053467
0.9297860264778137,0.3382036089897156,-0.02392306923866272,1.1651712656021118,0.31942322850227356,-8.03562068939209
