loss,mae,r2_keras,val_loss,val_mae,val_r2_keras
0.9814609885215759,0.3879771828651428,-0.07494381815195084,1.266762614250183,0.41297009587287903,-0.4123346209526062
0.9542213082313538,0.3778960406780243,-0.04449610784649849,1.2659705877304077,0.4126870334148407,-0.4114070236682892
0.9412673115730286,0.373064786195755,-0.03522429242730141,1.2692186832427979,0.4120309352874756,-0.5111581683158875
0.9313559532165527,0.369436115026474,-0.032565899193286896,1.2731705904006958,0.41209328174591064,-0.6039003729820251
0.9234170317649841,0.3671664893627167,-0.032587409019470215,1.2769824266433716,0.412583589553833,-0.7126705050468445
0.91603022813797,0.36584505438804626,-0.03186310455203056,1.2821012735366821,0.41439974308013916,-0.8937147259712219
0.9079862236976624,0.36445415019989014,-0.0294517632573843,1.2890512943267822,0.41475269198417664,-1.0202603340148926
