loss,mae,r2_keras,val_loss,val_mae,val_r2_keras
1.0033472776412964,0.40643343329429626,-0.09421811252832413,1.3411900997161865,0.44358640909194946,-1.1590335369110107
0.9850350618362427,0.39791274070739746,-0.07198864221572876,1.3347132205963135,0.4430675506591797,-0.9613183736801147
0.9752275943756104,0.39525699615478516,-0.07726872712373734,1.3390777111053467,0.4475349187850952,-0.9120542407035828
0.9673646688461304,0.39311766624450684,-0.07833730429410934,1.3452986478805542,0.4489346742630005,-0.9390094876289368
0.9618021249771118,0.3926508128643036,-0.0802408903837204,1.3507434129714966,0.45058387517929077,-0.9858704805374146
0.9565103650093079,0.3912680745124817,-0.07910270988941193,1.353185772895813,0.45077240467071533,-1.0409642457962036
0.9499590992927551,0.38862523436546326,-0.07687622308731079,1.3516218662261963,0.44881027936935425,-1.0698813199996948
