loss,mae,r2_keras,val_loss,val_mae,val_r2_keras
0.3206985890865326,0.43496838212013245,0.6665497422218323,0.21668840944766998,0.3736345171928406,-0.11643000692129135
0.18895064294338226,0.3417551517486572,0.8018073439598083,0.21083374321460724,0.3693156838417053,-0.08293162286281586
0.1789993941783905,0.33076998591423035,0.8121505975723267,0.20986232161521912,0.3681108057498932,-0.0695154070854187
0.1722995936870575,0.32337918877601624,0.8190633654594421,0.21051374077796936,0.36796894669532776,-0.06334120780229568
0.16669057309627533,0.31729671359062195,0.8248013257980347,0.21303892135620117,0.3693361282348633,-0.06722602248191833
0.16207516193389893,0.31238827109336853,0.829501211643219,0.21535618603229523,0.37034890055656433,-0.07191953808069229
0.15838800370693207,0.3084520995616913,0.8332691788673401,0.2175309658050537,0.3712799847126007,-0.07611379027366638
0.15537205338478088,0.3053017556667328,0.8363672494888306,0.2199019491672516,0.3726179003715515,-0.08265221118927002
