loss,mae,r2_keras,val_loss,val_mae,val_r2_keras
0.1545441597700119,0.2899249196052551,0.837516725063324,0.15012259781360626,0.28672417998313904,0.0440659373998642
0.10591822862625122,0.24724790453910828,0.8872546553611755,0.14664924144744873,0.2830234169960022,0.05987592041492462
0.10244902223348618,0.24260196089744568,0.8909232020378113,0.14517460763454437,0.28143179416656494,0.06599796563386917
0.10042524337768555,0.23981833457946777,0.893077552318573,0.14481428265571594,0.2808586061000824,0.06642331928014755
0.09915157407522202,0.2380622923374176,0.8944341540336609,0.1451330929994583,0.2809125781059265,0.0639980360865593
0.09829416871070862,0.23689895868301392,0.8953443765640259,0.1457981914281845,0.28123509883880615,0.060453616082668304
0.0976414680480957,0.23605261743068695,0.8960344195365906,0.14662054181098938,0.28175726532936096,0.05636223405599594
0.09707951545715332,0.23536299169063568,0.8966267108917236,0.14751380681991577,0.28242892026901245,0.05184755101799965
0.09654735028743744,0.23475831747055054,0.8971883058547974,0.14844577014446259,0.28322410583496094,0.04684705659747124
