loss,mae,r2_keras,val_loss,val_mae,val_r2_keras
0.22428913414478302,0.3532768785953522,0.7637041807174683,0.17585992813110352,0.32165834307670593,-0.019748317077755928
0.1309320330619812,0.2777043581008911,0.8615791201591492,0.1678439825773239,0.314996600151062,0.01013921108096838
0.12514442205429077,0.27164533734321594,0.8675781488418579,0.16572117805480957,0.31316542625427246,0.015359053388237953
0.12178503721952438,0.26770684123039246,0.871074914932251,0.16513554751873016,0.31300297379493713,0.015121601521968842
0.11929366737604141,0.2646600902080536,0.8736717104911804,0.16514989733695984,0.3132944703102112,0.012932322919368744
0.11719484627246857,0.26215437054634094,0.8758634328842163,0.16545042395591736,0.3137759566307068,0.009827428497374058
0.1152987852692604,0.25990915298461914,0.8778496980667114,0.16605986654758453,0.3144584596157074,0.005283904727548361
0.11354847252368927,0.2578534781932831,0.8796916604042053,0.16716353595256805,0.31557315587997437,-0.002043520100414753
0.11195504665374756,0.2560276389122009,0.8813785314559937,0.16888131201267242,0.3173810541629791,-0.012821552343666553
