loss,mae,r2_keras,val_loss,val_mae,val_r2_keras
0.9983113408088684,0.4235466420650482,-0.056243542581796646,1.9941933155059814,0.4612256586551666,-3.1417384147644043
0.9809422492980957,0.4218873381614685,-0.044870901852846146,1.9778035879135132,0.45135247707366943,-3.2575595378875732
0.9723120331764221,0.4192551076412201,-0.04248518496751785,1.9691206216812134,0.44633111357688904,-3.286785364151001
0.9655060172080994,0.4174264073371887,-0.043468523770570755,1.9632272720336914,0.4428967535495758,-3.336347818374634
0.9589822292327881,0.41623127460479736,-0.04322458431124687,1.9633837938308716,0.44341930747032166,-3.402796506881714
0.9521022439002991,0.4151543080806732,-0.042962487787008286,1.9676578044891357,0.45035219192504883,-3.467212438583374
0.9453403353691101,0.4140983819961548,-0.043393321335315704,1.9737787246704102,0.4545639157295227,-3.501502513885498
0.9373130798339844,0.4136568307876587,-0.042743753641843796,1.9908210039138794,0.4584992229938507,-3.7544679641723633
0.9258025288581848,0.41343191266059875,-0.03667718544602394,2.017805814743042,0.47243186831474304,-4.560268878936768
