loss,mae,r2_keras,val_loss,val_mae,val_r2_keras
0.97658371925354,0.7521955370903015,0.003847085405141115,1.0547211170196533,0.7826804518699646,-0.25380992889404297
0.9522436857223511,0.7435827851295471,0.027146155014634132,1.0485045909881592,0.7802982330322266,-0.23668178915977478
0.9424015283584595,0.7389551401138306,0.03666508197784424,1.049333930015564,0.7801252007484436,-0.2303500920534134
0.9339749813079834,0.7350797653198242,0.044643715023994446,1.0562785863876343,0.781231164932251,-0.2290142923593521
0.9250615835189819,0.7311958074569702,0.05297112837433815,1.0655932426452637,0.7830038666725159,-0.23101817071437836
0.9155641794204712,0.7271274924278259,0.06183908134698868,1.0711921453475952,0.7827362418174744,-0.23437103629112244
0.9051939249038696,0.7224703431129456,0.07159604132175446,1.083996295928955,0.7858816385269165,-0.2460160255432129
