loss,mae,r2_keras,val_loss,val_mae,val_r2_keras
0.9657856822013855,0.30716076493263245,-0.3700868487358093,1.239012598991394,0.3645249009132385,-6.404175281524658
0.9419487714767456,0.30104079842567444,-0.37961545586586,1.2466665506362915,0.36753350496292114,-6.156966686248779
0.9296966195106506,0.29829084873199463,-0.3818605840206146,1.2533732652664185,0.3728400766849518,-5.830649375915527
0.9196398854255676,0.2961348593235016,-0.3624023199081421,1.2626687288284302,0.3787190914154053,-5.882480144500732
0.9078665375709534,0.29510802030563354,-0.3325577974319458,1.2714279890060425,0.38978520035743713,-6.022892475128174
0.8942917585372925,0.2934975326061249,-0.34540969133377075,1.2770020961761475,0.39635881781578064,-5.905486583709717
