loss,mae,r2_keras,val_loss,val_mae,val_r2_keras
0.9740321040153503,0.7501243948936462,0.006619557272642851,1.0325264930725098,0.7723438143730164,-0.23317553102970123
0.9512873291969299,0.7424453496932983,0.027705080807209015,1.0294973850250244,0.7689239382743835,-0.22082053124904633
0.9403841495513916,0.7374234795570374,0.03800515830516815,1.0302735567092896,0.7680389285087585,-0.22073690593242645
0.9303531050682068,0.7329935431480408,0.04753784090280533,1.034253478050232,0.7702109813690186,-0.23162327706813812
0.9199552536010742,0.7285986542701721,0.05721864104270935,1.040687084197998,0.7741703391075134,-0.2444075047969818
0.9092127084732056,0.7241939306259155,0.06703272461891174,1.0523303747177124,0.7788326740264893,-0.2506433427333832
0.8974512219429016,0.7190333008766174,0.07787812501192093,1.071709394454956,0.7830309271812439,-0.2521619200706482
