loss,mae,r2_keras,val_loss,val_mae,val_r2_keras
0.2561466097831726,0.3727763891220093,0.7302957773208618,0.15065117180347443,0.2777504324913025,0.0428856760263443
0.14276085793972015,0.2824037969112396,0.8497521281242371,0.1423015594482422,0.2696530222892761,0.08110089600086212
0.1382598727941513,0.27770325541496277,0.8544663190841675,0.1413407176733017,0.26880645751953125,0.08406250178813934
0.1357116401195526,0.2747623920440674,0.8571448922157288,0.14122459292411804,0.26843157410621643,0.08476191014051437
0.13382820785045624,0.2726398706436157,0.8591305017471313,0.14139924943447113,0.26827359199523926,0.08496910333633423
0.13226550817489624,0.2710008919239044,0.8607798218727112,0.14168629050254822,0.2682650685310364,0.08469667285680771
0.1308586299419403,0.26961076259613037,0.8622653484344482,0.14190955460071564,0.26825278997421265,0.08429140597581863
0.12950676679611206,0.2683190405368805,0.8636928200721741,0.14210042357444763,0.26822319626808167,0.0835258960723877
0.12814846634864807,0.2670387327671051,0.865129292011261,0.1424022912979126,0.26827678084373474,0.081740602850914
