loss,mae,r2_keras,val_loss,val_mae,val_r2_keras
0.25914835929870605,0.37633195519447327,0.7268322706222534,0.14337490499019623,0.2724169194698334,0.06840024888515472
0.14205022156238556,0.2814779281616211,0.8505239486694336,0.13671645522117615,0.26516684889793396,0.10275029391050339
0.13817496597766876,0.27746984362602234,0.8545625805854797,0.13568933308124542,0.2641722857952118,0.10809388756752014
0.1357976645231247,0.27490055561065674,0.8570597171783447,0.13560500741004944,0.264048308134079,0.10972651839256287
0.13394170999526978,0.2730100452899933,0.8590043187141418,0.13615861535072327,0.26462534070014954,0.10896679013967514
0.13237710297107697,0.27157092094421387,0.860633909702301,0.1371099203824997,0.2655850648880005,0.10663750022649765
0.13099072873592377,0.2704210579395294,0.8620727062225342,0.1380457580089569,0.26629748940467834,0.10408153384923935
0.12969531118869781,0.26937589049339294,0.8634162545204163,0.13890914618968964,0.26687949895858765,0.10137854516506195
0.12843841314315796,0.26831749081611633,0.864723801612854,0.1398182511329651,0.267386257648468,0.09816571325063705
