loss,mae,r2_keras,val_loss,val_mae,val_r2_keras
0.9398527145385742,0.644171953201294,0.02264186181128025,0.9415636658668518,0.6297418475151062,-0.3577632009983063
0.9043306112289429,0.6307051777839661,0.05782024934887886,0.9293727874755859,0.6208729147911072,-0.2656521499156952
0.890574038028717,0.6237273812294006,0.07051888108253479,0.9311450719833374,0.6233683824539185,-0.2744310796260834
0.8799607157707214,0.6184809803962708,0.07964807003736496,0.9359678030014038,0.6241567134857178,-0.2914920747280121
0.8702017664909363,0.6136240363121033,0.08828870207071304,0.9411390423774719,0.6218199729919434,-0.2992725074291229
0.860248863697052,0.6079960465431213,0.09761179983615875,0.9489734768867493,0.6222528219223022,-0.31968364119529724
0.8496701717376709,0.6025381684303284,0.10760101675987244,0.9594978094100952,0.6255033612251282,-0.34255242347717285
