loss,mae,val_loss,val_mae
0.9555065631866455,0.6270722150802612,1.2167689800262451,0.7474624514579773
0.9175002574920654,0.6119746565818787,1.2130305767059326,0.7448687553405762
0.9075434803962708,0.6073721647262573,1.2140299081802368,0.7442600727081299
0.9011426568031311,0.6047208905220032,1.218146562576294,0.744293749332428
0.8947815299034119,0.6023130416870117,1.2258524894714355,0.745171070098877
0.8873458504676819,0.5998877882957458,1.2184432744979858,0.749532163143158
0.8789324164390564,0.5966399908065796,1.2207804918289185,0.7504574060440063
