loss,mae,r2_keras,val_loss,val_mae,val_r2_keras
1.0079905986785889,0.4084334671497345,-0.09904403984546661,1.355674386024475,0.43669208884239197,-1.2644832134246826
0.9856221079826355,0.3980278968811035,-0.07481354475021362,1.3524506092071533,0.44218698143959045,-1.0917730331420898
0.9751207828521729,0.39553436636924744,-0.07919467240571976,1.355557918548584,0.4428326189517975,-1.0492092370986938
0.9687461853027344,0.39480888843536377,-0.08254317939281464,1.3612592220306396,0.44328072667121887,-1.0457382202148438
0.962315559387207,0.3935108482837677,-0.0820506364107132,1.3664213418960571,0.4455946981906891,-1.0748586654663086
0.9551072716712952,0.3918003737926483,-0.07967055588960648,1.3718068599700928,0.44820132851600647,-1.1302967071533203
0.9469913244247437,0.390056312084198,-0.07815946638584137,1.376141905784607,0.4493580758571625,-1.1730912923812866
