loss,mae,r2_keras,val_loss,val_mae,val_r2_keras
0.9747157692909241,0.3847123682498932,-0.10422331839799881,1.2638156414031982,0.40117257833480835,-0.665489912033081
0.9501284956932068,0.3741951882839203,-0.06489550322294235,1.2640712261199951,0.40711039304733276,-0.7755354046821594
0.9382798671722412,0.37042495608329773,-0.05611822009086609,1.266209363937378,0.40722206234931946,-0.748691201210022
0.9293603301048279,0.3670857846736908,-0.051212605088949203,1.2704665660858154,0.40836092829704285,-0.7343986630439758
0.9218087196350098,0.36484581232070923,-0.051701005548238754,1.2765907049179077,0.41047292947769165,-0.6966801285743713
0.9146132469177246,0.36315178871154785,-0.05401510372757912,1.2814650535583496,0.41359731554985046,-0.662581205368042
