loss,mae,r2_keras,val_loss,val_mae,val_r2_keras
0.9719871282577515,0.32852280139923096,-0.13575564324855804,1.2454731464385986,0.3899660110473633,-23.70128059387207
0.9471628665924072,0.32062533497810364,-0.13535191118717194,1.2468942403793335,0.39716067910194397,-27.117082595825195
0.9328798055648804,0.3170396387577057,-0.15185613930225372,1.254274606704712,0.39956438541412354,-26.754575729370117
0.91957026720047,0.31388479471206665,-0.17042210698127747,1.265790343284607,0.39969831705093384,-22.952259063720703
0.906735897064209,0.31163907051086426,-0.18824166059494019,1.2694343328475952,0.4018622934818268,-19.49159049987793
0.8905152082443237,0.3086445927619934,-0.19816277921199799,1.2855300903320312,0.41085660457611084,-17.032665252685547
