loss,mae,r2_keras,val_loss,val_mae,val_r2_keras
0.9738426208496094,0.37794071435928345,-0.1342492252588272,1.954471468925476,0.4152630567550659,-4.631176948547363
0.9522215127944946,0.36495161056518555,-0.08450977504253387,1.938864827156067,0.41704508662223816,-3.9203343391418457
0.9447388648986816,0.36230477690696716,-0.08501480519771576,1.933977484703064,0.41981494426727295,-3.549146890640259
0.9387727975845337,0.36072462797164917,-0.0878850445151329,1.9353398084640503,0.42014557123184204,-3.254300117492676
0.9331081509590149,0.35966479778289795,-0.09139907360076904,1.9421457052230835,0.41728731989860535,-2.8468406200408936
0.9271560311317444,0.3581720292568207,-0.09600043296813965,1.9497483968734741,0.4158981442451477,-2.441789388656616
0.9184750318527222,0.355629563331604,-0.08796021342277527,1.967268466949463,0.4195981025695801,-2.3330798149108887
0.9067307710647583,0.3537704646587372,-0.09415411949157715,2.0121536254882812,0.43659231066703796,-2.617438316345215
