loss,mae,val_loss,val_mae
0.9348861575126648,0.7198125720024109,1.3155648708343506,0.8870447874069214
0.8988256454467773,0.7037452459335327,1.297313928604126,0.8822378516197205
0.8804324865341187,0.6946694850921631,1.2926597595214844,0.8804848790168762
0.8692095875740051,0.6886566281318665,1.2996646165847778,0.8808528184890747
0.8614100217819214,0.6849579811096191,1.3106476068496704,0.8830849528312683
0.8541929721832275,0.6818559765815735,1.323951005935669,0.8871559500694275
0.846663236618042,0.6786889433860779,1.3443591594696045,0.8953360915184021
0.8387992978096008,0.6749413013458252,1.354507565498352,0.8912179470062256
