loss,mae,r2_keras,val_loss,val_mae,val_r2_keras
0.9895917773246765,0.3208715319633484,-0.30449673533439636,0.8504148125648499,0.3860163390636444,-2.2123894691467285
0.9694560170173645,0.3144371807575226,-0.32211482524871826,0.8466393351554871,0.3786769509315491,-1.862436294555664
0.9614483118057251,0.31210198998451233,-0.3386248052120209,0.8477600812911987,0.381376713514328,-1.9121085405349731
0.9557597041130066,0.31066375970840454,-0.3498087227344513,0.8529117703437805,0.39077335596084595,-2.00644850730896
0.9506580829620361,0.3092210292816162,-0.3594694435596466,0.857227623462677,0.38944321870803833,-1.8746795654296875
0.945340633392334,0.3072798252105713,-0.3571436405181885,0.8666086196899414,0.3964056074619293,-1.9870177507400513
0.937612771987915,0.30640721321105957,-0.36406245827674866,0.8818963766098022,0.4035114347934723,-2.012897491455078
