loss,mae,r2_keras,val_loss,val_mae,val_r2_keras
0.22562332451343536,0.3559049665927887,0.7596530914306641,0.20495370030403137,0.3539271652698517,-0.032228101044893265
0.14177584648132324,0.28977513313293457,0.8486353754997253,0.20260733366012573,0.3526812493801117,-0.030621083453297615
0.13656465709209442,0.2844585180282593,0.8541842103004456,0.20190311968326569,0.35152795910835266,-0.026237403973937035
0.1334969401359558,0.2810330092906952,0.857418417930603,0.2018076479434967,0.3511902987957001,-0.024882568046450615
0.1312619298696518,0.2783544659614563,0.8597615361213684,0.2018866240978241,0.3509960472583771,-0.02482917159795761
0.1294076293706894,0.2760229706764221,0.8617027401924133,0.2021273970603943,0.350901335477829,-0.025869056582450867
0.1277393400669098,0.27387091517448425,0.8634528517723083,0.2025926262140274,0.3508864641189575,-0.02805342711508274
0.12616349756717682,0.27184027433395386,0.8651148080825806,0.20333296060562134,0.3510217070579529,-0.031446173787117004
0.1246258020401001,0.26988962292671204,0.8667471408843994,0.20440919697284698,0.35165533423423767,-0.03627650439739227
