loss,mae,r2_keras,val_loss,val_mae,val_r2_keras
0.9909245371818542,0.41570010781288147,-0.05314803868532181,1.9639140367507935,0.48934057354927063,-0.38134169578552246
0.9716403484344482,0.4131052494049072,-0.021440155804157257,1.9469958543777466,0.4820697605609894,-0.3570574223995209
0.9634590148925781,0.41093534231185913,-0.013041206635534763,1.9385349750518799,0.47932004928588867,-0.36745283007621765
0.956584095954895,0.40920308232307434,-0.008091478608548641,1.935887336730957,0.4791892468929291,-0.39881426095962524
0.949619472026825,0.4076334238052368,-0.004729988984763622,1.9384335279464722,0.4817449748516083,-0.44311627745628357
0.9414435625076294,0.4062146842479706,-0.002221368718892336,1.9441502094268799,0.48725634813308716,-0.4943523406982422
0.9313111305236816,0.40480929613113403,-0.0003758448001462966,1.9550063610076904,0.4950924515724182,-0.5825610756874084
0.9264398813247681,0.40447282791137695,-0.002822255715727806,1.9806442260742188,0.5093410015106201,-0.7497268319129944
0.9118921160697937,0.4028361141681671,0.005325015168637037,1.9782800674438477,0.5104908347129822,-0.8134186267852783
