loss,mae,r2_keras,val_loss,val_mae,val_r2_keras
0.15353016555309296,0.29110246896743774,0.8390651941299438,0.15362343192100525,0.2857818305492401,0.032026492059230804
0.10610109567642212,0.24738822877407074,0.8879042863845825,0.14964017271995544,0.28233346343040466,0.05092193931341171
0.10214494168758392,0.24218133091926575,0.8920188546180725,0.14922009408473969,0.281873881816864,0.049712155014276505
0.0998830497264862,0.23907411098480225,0.8943515419960022,0.15029366314411163,0.2826155424118042,0.04128552973270416
0.09841322153806686,0.23708471655845642,0.8958576321601868,0.15194033086299896,0.28380730748176575,0.03139008954167366
0.09736069291830063,0.23571352660655975,0.8969355821609497,0.1536327302455902,0.2849781811237335,0.02215813286602497
0.09650386869907379,0.23466458916664124,0.8978198766708374,0.15518032014369965,0.2861101031303406,0.013426280580461025
0.09571149945259094,0.2338208109140396,0.8986432552337646,0.1566709578037262,0.2873208224773407,0.004057073500007391
