loss,mae,r2_keras,val_loss,val_mae,val_r2_keras
0.9987533092498779,0.35666242241859436,-0.07721617817878723,1.1200406551361084,0.29206451773643494,-2.559074878692627
0.982816755771637,0.3466253876686096,-0.035155247896909714,1.1169333457946777,0.29129651188850403,-2.4027910232543945
0.9748071432113647,0.34412696957588196,-0.027310460805892944,1.117751121520996,0.2926020324230194,-2.4546611309051514
0.9675139784812927,0.34184926748275757,-0.023435860872268677,1.12113356590271,0.2940862476825714,-2.533653736114502
0.9600839018821716,0.3396393954753876,-0.02356570214033127,1.1256358623504639,0.29591453075408936,-2.61777663230896
0.9520065188407898,0.3375922739505768,-0.023948026821017265,1.1304140090942383,0.29824694991111755,-2.7305822372436523
0.9413022398948669,0.3358609080314636,-0.02366492711007595,1.137114405632019,0.3030516803264618,-3.1229541301727295
