loss,mae,r2_keras,val_loss,val_mae,val_r2_keras
1.0038516521453857,0.36291611194610596,-0.1201079860329628,1.1261532306671143,0.28341445326805115,-2.5580129623413086
0.9822984337806702,0.3449716567993164,-0.07828339189291,1.119974136352539,0.2841570973396301,-2.456362009048462
0.9724054932594299,0.3426688015460968,-0.0750751793384552,1.117973804473877,0.2894894480705261,-2.7095465660095215
0.9639081954956055,0.3413327634334564,-0.07629290223121643,1.117306113243103,0.29020941257476807,-2.892698049545288
0.9559618830680847,0.3398595452308655,-0.0767173171043396,1.1177678108215332,0.29037708044052124,-3.137319326400757
0.9478998780250549,0.33854416012763977,-0.07744676619768143,1.1194428205490112,0.2921266257762909,-3.4636054039001465
0.9383911490440369,0.3370642066001892,-0.07784982025623322,1.1222447156906128,0.2940702438354492,-3.547454357147217
0.9276134967803955,0.33619821071624756,-0.07912727445363998,1.1353387832641602,0.2969752550125122,-3.3942108154296875
0.9118098020553589,0.33501115441322327,-0.08860189467668533,1.1585357189178467,0.29444989562034607,-2.8365135192871094
