loss,mae,r2_keras,val_loss,val_mae,val_r2_keras
0.9799721837043762,0.4181729853153229,-0.047486335039138794,1.882813811302185,0.5671095848083496,-0.2963554263114929
0.9537028074264526,0.4103575348854065,-0.01865619607269764,1.8831979036331177,0.5659888386726379,-0.2907937169075012
0.9407175779342651,0.40741240978240967,-0.012275353074073792,1.8883596658706665,0.563656210899353,-0.2837672233581543
0.9286327958106995,0.40568554401397705,-0.013356443494558334,1.894888162612915,0.5615784525871277,-0.27961477637290955
0.9199185967445374,0.40360888838768005,-0.012255016714334488,1.896804690361023,0.5617613792419434,-0.2757972776889801
0.9021576642990112,0.4019497334957123,-0.016919268295168877,1.8909472227096558,0.5594971179962158,-0.2849976420402527
