loss,mae,val_loss,val_mae
0.8946797847747803,0.5665004849433899,1.012137770652771,0.6378949284553528
0.8323493003845215,0.5421439409255981,1.0050959587097168,0.6400201320648193
0.7985906600952148,0.5256356596946716,1.0239951610565186,0.6529250741004944
0.7823742628097534,0.5166365504264832,1.0365196466445923,0.659026563167572
0.770829975605011,0.5109555721282959,1.0445098876953125,0.6605192422866821
0.7598175406455994,0.5059100985527039,1.051293969154358,0.6579394340515137
0.7468338012695312,0.5008179545402527,1.058979868888855,0.653323769569397
