loss,mae,val_loss,val_mae
0.8895396590232849,0.5683832168579102,1.0224668979644775,0.6500374674797058
0.8213039636611938,0.5379675030708313,1.0206233263015747,0.6546895503997803
0.7917438745498657,0.5218546390533447,1.0459238290786743,0.6659888029098511
0.7788135409355164,0.5141463279724121,1.0584763288497925,0.6664455533027649
0.7685936689376831,0.5092447996139526,1.0639619827270508,0.6629033088684082
0.760834276676178,0.5051540732383728,1.0748106241226196,0.6659342646598816
0.7489688992500305,0.5001519322395325,1.083501935005188,0.668398916721344
