loss,mae,val_loss,val_mae
0.9088142514228821,0.5645009279251099,1.116232991218567,0.6959100365638733
0.8693910837173462,0.5464807748794556,1.1065353155136108,0.6957554221153259
0.8495907783508301,0.5359765291213989,1.106940746307373,0.6967452168464661
0.8365181088447571,0.5293729901313782,1.1136016845703125,0.6953988075256348
0.8251277208328247,0.5243813991546631,1.1236807107925415,0.695819616317749
0.8118318915367126,0.5193904638290405,1.1382945775985718,0.7009938955307007
0.7981353998184204,0.5141069889068604,1.1479421854019165,0.7002661824226379
