loss,mae,r2_keras,val_loss,val_mae,val_r2_keras
0.998746395111084,0.3486003279685974,-0.05853382498025894,0.41445520520210266,0.320614755153656,-0.71343994140625
0.9834945201873779,0.3488175868988037,-0.057705748826265335,0.4122479259967804,0.31977638602256775,-0.7804733514785767
0.9754832983016968,0.346468061208725,-0.0511149987578392,0.4125824272632599,0.3214165270328522,-0.89998859167099
0.9691476821899414,0.3454703092575073,-0.05120115727186203,0.41468989849090576,0.3240152895450592,-1.0022163391113281
0.962857186794281,0.344571590423584,-0.05282066762447357,0.41967058181762695,0.327576220035553,-1.0506343841552734
0.9556300044059753,0.3435659408569336,-0.05883120372891426,0.42971330881118774,0.33217653632164,-1.0819023847579956
0.9469150304794312,0.3420626223087311,-0.05771549418568611,0.4502621293067932,0.3391651213169098,-1.2203960418701172
