loss,mae,r2_keras,val_loss,val_mae,val_r2_keras
0.9912153482437134,0.403790682554245,-0.07624129951000214,1.399315595626831,0.47419214248657227,-0.3272487223148346
0.9645292162895203,0.39725667238235474,-0.04891728609800339,1.3939257860183716,0.4747922122478485,-0.3327612578868866
0.9547553658485413,0.39436978101730347,-0.04359624907374382,1.3934710025787354,0.47630077600479126,-0.35303935408592224
0.9472331404685974,0.3923152685165405,-0.0411347821354866,1.3945703506469727,0.4774925410747528,-0.3674127757549286
0.9394460320472717,0.3904516100883484,-0.03993307799100876,1.3951441049575806,0.47831979393959045,-0.3858771324157715
0.9306498169898987,0.3894084095954895,-0.0374782532453537,1.3968886137008667,0.4826764464378357,-0.4179939329624176
0.9254216551780701,0.38998404145240784,-0.03461247682571411,1.413534164428711,0.4926629662513733,-0.440141499042511
0.9164918661117554,0.387967050075531,-0.030172521248459816,1.4134836196899414,0.49176958203315735,-0.522503674030304
