loss,mae,r2_keras,val_loss,val_mae,val_r2_keras
0.9685625433921814,0.33382853865623474,-0.0775180459022522,1.2505420446395874,0.4493241608142853,-16.262027740478516
0.9397499561309814,0.3256221115589142,-0.05460679903626442,1.2513033151626587,0.4508536756038666,-14.879806518554688
0.9252030253410339,0.3214620351791382,-0.05426764115691185,1.2546470165252686,0.45514634251594543,-14.697735786437988
0.9107308983802795,0.3187796473503113,-0.061300624161958694,1.2771142721176147,0.462325781583786,-16.988672256469727
0.8955873250961304,0.3165284991264343,-0.06379369646310806,1.310137391090393,0.47555670142173767,-19.42738151550293
0.877585768699646,0.3138751685619354,-0.08263606578111649,1.3395307064056396,0.4660690128803253,-12.46160888671875
