loss,mae,r2_keras,val_loss,val_mae,val_r2_keras
0.16208744049072266,0.2952345907688141,0.8315861821174622,0.1525304615497589,0.2882208526134491,0.024144688621163368
0.10562168061733246,0.24671591818332672,0.8887396454811096,0.1476948857307434,0.28287336230278015,0.05382740870118141
0.10205365717411041,0.2419365793466568,0.8924476504325867,0.14618530869483948,0.28130507469177246,0.06219018995761871
0.09999953210353851,0.23912614583969116,0.8945749998092651,0.14575138688087463,0.2806379795074463,0.063729427754879
0.09867017716169357,0.23729555308818817,0.8959514498710632,0.1457902193069458,0.28018051385879517,0.06272316724061966
0.0977262333035469,0.2360566109418869,0.8969345688819885,0.14605672657489777,0.2800099849700928,0.06062319129705429
0.09697562456130981,0.23512621223926544,0.8977175951004028,0.1464390605688095,0.2801933288574219,0.057837363332509995
0.09630230069160461,0.2343236356973648,0.8984178304672241,0.146856889128685,0.28059303760528564,0.05457402393221855
0.09563763439655304,0.23353926837444305,0.8991052508354187,0.14722271263599396,0.28104737401008606,0.05108688026666641
