loss,mae,r2_keras,val_loss,val_mae,val_r2_keras
0.9741084575653076,0.3100006580352783,-0.3802594244480133,1.2380441427230835,0.34873005747795105,-3.7156286239624023
0.9439259767532349,0.2995661497116089,-0.3514222800731659,1.2421128749847412,0.35414019227027893,-3.743943929672241
0.9308342933654785,0.29645800590515137,-0.37925392389297485,1.2436999082565308,0.36048123240470886,-3.8739469051361084
0.9200598001480103,0.2946687638759613,-0.4191673696041107,1.2450824975967407,0.3710276782512665,-4.599617958068848
0.9099625945091248,0.29389676451683044,-0.40660592913627625,1.2489748001098633,0.377119779586792,-5.367920398712158
0.8977936506271362,0.2921774983406067,-0.4090616703033447,1.2513070106506348,0.3805025815963745,-6.3728742599487305
