loss,mae,val_loss,val_mae
0.9020143747329712,0.5673719048500061,1.0784598588943481,0.6108649969100952
0.8527460694313049,0.5468854308128357,1.0863264799118042,0.6030480265617371
0.8350123763084412,0.5373619198799133,1.0925111770629883,0.6034054160118103
0.8241026401519775,0.5320447683334351,1.0978009700775146,0.6089106202125549
0.8149681091308594,0.5283277034759521,1.1047226190567017,0.6139259934425354
0.8068194389343262,0.5253254175186157,1.1075081825256348,0.6185062527656555
