loss,mae,r2_keras,val_loss,val_mae,val_r2_keras
0.9838563799858093,0.36022892594337463,-0.08101806044578552,2.1167044639587402,0.5043215155601501,-0.3678251802921295
0.964737594127655,0.35373666882514954,-0.05951077118515968,2.1112475395202637,0.5080587863922119,-0.3894253075122833
0.9551889300346375,0.35129514336586,-0.05364931747317314,2.1137070655822754,0.5154366493225098,-0.44278597831726074
0.9473280906677246,0.3497525155544281,-0.052555955946445465,2.117259979248047,0.5155656933784485,-0.4581736624240875
0.939206600189209,0.3489169180393219,-0.054555878043174744,2.122488260269165,0.5045992732048035,-0.4200960099697113
0.9289806485176086,0.34848928451538086,-0.05764838680624962,2.1295413970947266,0.4992240071296692,-0.4034981429576874
0.9144724011421204,0.3452104330062866,-0.05786788836121559,2.1512417793273926,0.514224648475647,-0.5197080373764038
