loss,mae,r2_keras,val_loss,val_mae,val_r2_keras
0.9845877885818481,0.41643545031547546,-0.041740041226148605,1.8807902336120605,0.5677241086959839,-0.2453296184539795
0.9626373648643494,0.41052916646003723,-0.01799331046640873,1.8719466924667358,0.567762017250061,-0.2614891529083252
0.9498686194419861,0.407280832529068,-0.009945353493094444,1.87021803855896,0.5692520141601562,-0.2861124873161316
0.9367780089378357,0.404904842376709,-0.005911300424486399,1.874450922012329,0.5719304084777832,-0.3275492489337921
0.9220531582832336,0.40262138843536377,-0.00539966719225049,1.8796577453613281,0.5713604092597961,-0.3654046952724457
0.9090299010276794,0.4014085531234741,-0.009474766440689564,1.8894400596618652,0.5672727823257446,-0.36354711651802063
0.8890109062194824,0.39976587891578674,-0.010143367573618889,1.8985041379928589,0.566315770149231,-0.34148141741752625
0.8784404993057251,0.39979812502861023,-0.01318509690463543,1.903930425643921,0.5509449243545532,-0.2829388380050659
