loss,mae,val_loss,val_mae
0.9263574481010437,0.5935806035995483,1.1494337320327759,0.71279376745224
0.8735321760177612,0.5685777068138123,1.144761323928833,0.715800940990448
0.8534552454948425,0.5575557947158813,1.1584678888320923,0.7205514907836914
0.8422197699546814,0.550610363483429,1.1785411834716797,0.7206665873527527
0.8313375115394592,0.5462549328804016,1.1937795877456665,0.719496488571167
0.8195756077766418,0.5402237772941589,1.2111380100250244,0.7270079851150513
0.8068544268608093,0.5361661911010742,1.2047985792160034,0.7147737741470337
