loss,mae,val_loss,val_mae
0.9361801147460938,0.6293224096298218,1.082914113998413,0.6930724382400513
0.9050295948982239,0.6186966300010681,1.0786973237991333,0.6893660426139832
0.8950880169868469,0.6141223907470703,1.0779705047607422,0.6882229447364807
0.8886064887046814,0.6111513376235962,1.078763484954834,0.6886455416679382
0.8830538988113403,0.6088524460792542,1.0804393291473389,0.690121054649353
0.8773307800292969,0.6065945029258728,1.083737850189209,0.6925134658813477
0.8709178566932678,0.6043071150779724,1.0901018381118774,0.6921800374984741
0.8631128072738647,0.6016716361045837,1.103100299835205,0.6952070593833923
