loss,mae,r2_keras,val_loss,val_mae,val_r2_keras
0.20618905127048492,0.3387434482574463,0.7866426110267639,0.1827715039253235,0.3326105773448944,-0.023510383442044258
0.12905588746070862,0.27561476826667786,0.8637934327125549,0.181169793009758,0.3316832482814789,-0.034150492399930954
0.12389031797647476,0.2703644335269928,0.8692281246185303,0.1807013601064682,0.3308722674846649,-0.032686859369277954
0.12080366909503937,0.26667460799217224,0.872473955154419,0.18087425827980042,0.33070802688598633,-0.03205511346459389
0.11849848181009293,0.26383164525032043,0.8748958706855774,0.18134509027004242,0.3308400809764862,-0.033148955553770065
0.11653553694486618,0.2613643407821655,0.8769496083259583,0.18188558518886566,0.33097219467163086,-0.03484721481800079
0.11473191529512405,0.25906869769096375,0.8788303732872009,0.18245121836662292,0.3309704065322876,-0.03657091036438942
0.11301880329847336,0.25684359669685364,0.8806133270263672,0.18311959505081177,0.3311152160167694,-0.03859233111143112
