loss,mae,r2_keras,val_loss,val_mae,val_r2_keras
0.20759060978889465,0.34043434262275696,0.7849377393722534,0.18421927094459534,0.33111804723739624,-0.015487159602344036
0.12745292484760284,0.2743987441062927,0.8654329180717468,0.17951175570487976,0.3282022774219513,-0.00358198513276875
0.12314808368682861,0.269802451133728,0.8699849247932434,0.17868643999099731,0.32741454243659973,-0.0004918857594020665
0.12063003331422806,0.26666024327278137,0.8726485967636108,0.1787438988685608,0.327274888753891,0.0008315600571222603
0.11860428005456924,0.26397866010665894,0.8747910857200623,0.17915689945220947,0.3272784352302551,-5.9955997130600736e-05
0.11682797968387604,0.261631578207016,0.8766631484031677,0.179785817861557,0.3273525536060333,-0.002541382098570466
0.11518578231334686,0.2595217227935791,0.8783856630325317,0.18067334592342377,0.3275747001171112,-0.006635722238570452
0.11360406130552292,0.25751933455467224,0.8800386786460876,0.18194107711315155,0.3282158374786377,-0.012783210724592209
