loss,mae,r2_keras,val_loss,val_mae,val_r2_keras
0.9840747117996216,0.35993823409080505,-0.08426728844642639,2.1045279502868652,0.4729560911655426,-0.2438996285200119
0.9639551043510437,0.3538764417171478,-0.06429511308670044,2.1006290912628174,0.4798349440097809,-0.30340641736984253
0.9534730315208435,0.35178956389427185,-0.06096017360687256,2.100989580154419,0.4818795919418335,-0.33740803599357605
0.9443305134773254,0.3500713109970093,-0.060372982174158096,2.1028008460998535,0.47579944133758545,-0.3373468220233917
0.9341341853141785,0.3487513065338135,-0.06404837220907211,2.1007328033447266,0.45989444851875305,-0.26942095160484314
0.9230977296829224,0.3480710983276367,-0.06810826063156128,2.1026859283447266,0.460049569606781,-0.25776445865631104
0.9081537127494812,0.34808194637298584,-0.08430876582860947,2.1187796592712402,0.483468234539032,-0.4085811376571655
