loss,mae,r2_keras,val_loss,val_mae,val_r2_keras
0.255751371383667,0.3834777772426605,0.7364662289619446,0.18961197137832642,0.3439216613769531,-0.12320679426193237
0.1594500094652176,0.3110397160053253,0.8321443200111389,0.1835263967514038,0.3376775085926056,-0.08469168096780777
0.15317313373088837,0.3035648465156555,0.8387805819511414,0.1818821132183075,0.3353651165962219,-0.06885623186826706
0.1490655243396759,0.29873335361480713,0.8431294560432434,0.1813831329345703,0.3343828618526459,-0.06024177372455597
0.14574269950389862,0.29499542713165283,0.8466609120368958,0.18140383064746857,0.3339651823043823,-0.05509781837463379
0.14298732578754425,0.292061448097229,0.8495949506759644,0.18155041337013245,0.33374154567718506,-0.050807490944862366
0.14069095253944397,0.2896350622177124,0.8520351648330688,0.18168717622756958,0.33347105979919434,-0.04657578095793724
0.13870084285736084,0.28738754987716675,0.8541445136070251,0.1819295734167099,0.33319732546806335,-0.04313844442367554
0.13689041137695312,0.2852894961833954,0.8560640215873718,0.18237711489200592,0.3329813778400421,-0.04100838676095009
