loss,mae,val_loss,val_mae
0.9072969555854797,0.6276012659072876,0.9967093467712402,0.697782039642334
0.8589818477630615,0.6014660596847534,0.9810535907745361,0.6946507692337036
0.8401529788970947,0.5904923677444458,0.9766325950622559,0.690776526927948
0.8278115391731262,0.5827702283859253,0.9771619439125061,0.6906675696372986
0.8180466890335083,0.5770328044891357,0.9824021458625793,0.6925266981124878
0.8088939189910889,0.5719501972198486,0.9891651272773743,0.6947037577629089
0.7988723516464233,0.5667057633399963,0.9957024455070496,0.6963382363319397
0.7880542874336243,0.5614529848098755,1.007064700126648,0.6982665061950684
