loss,mae,r2_keras,val_loss,val_mae,val_r2_keras
0.9904525279998779,0.412325918674469,-0.07071173191070557,1.2383110523223877,0.3520183861255646,-6.794930458068848
0.9706094861030579,0.4021030068397522,-0.045481037348508835,1.2363743782043457,0.35033920407295227,-7.664947509765625
0.9618250131607056,0.39951813220977783,-0.03978286311030388,1.2377395629882812,0.35038191080093384,-7.79326057434082
0.9541109204292297,0.39722004532814026,-0.035890739411115646,1.2403193712234497,0.3506719768047333,-8.036818504333496
0.945720911026001,0.3947868347167969,-0.03331203758716583,1.243163824081421,0.3543376922607422,-8.59451961517334
0.9367439150810242,0.39271703362464905,-0.03646119683980942,1.2474216222763062,0.353257417678833,-9.1368989944458
0.9239153861999512,0.3896913528442383,-0.035801131278276443,1.2520837783813477,0.36169472336769104,-8.912613868713379
