loss,mae,r2_keras,val_loss,val_mae,val_r2_keras
0.9518483281135559,0.6724942922592163,0.012847185134887695,1.0931638479232788,0.749484658241272,-0.02528909407556057
0.9238734841346741,0.6604743599891663,0.039125338196754456,1.084680438041687,0.7440133094787598,-0.020562997087836266
0.9133058786392212,0.6553099751472473,0.04910285770893097,1.0853463411331177,0.7393964529037476,-0.01849261112511158
0.9048411846160889,0.6513036489486694,0.0577351376414299,1.0901339054107666,0.7370507717132568,-0.019920825958251953
0.897291362285614,0.6478323340415955,0.06580248475074768,1.0967551469802856,0.7367671728134155,-0.023964373394846916
0.8902562856674194,0.6446367502212524,0.07330092787742615,1.105294108390808,0.737204372882843,-0.028474949300289154
0.882175087928772,0.6406916975975037,0.08193741738796234,1.117160439491272,0.7385279536247253,-0.033875953406095505
