loss,mae,r2_keras,val_loss,val_mae,val_r2_keras
0.9633224606513977,0.7284049391746521,0.010887447744607925,0.8879045248031616,0.7069395780563354,-0.11483944207429886
0.9411478638648987,0.7203178405761719,0.03265516459941864,0.8779578804969788,0.7053431868553162,-0.1147981807589531
0.9321258068084717,0.7163197994232178,0.04155633598566055,0.8712410926818848,0.7038715481758118,-0.11605992913246155
0.9231130480766296,0.7118512988090515,0.050278980284929276,0.8667771816253662,0.7017306089401245,-0.1089288592338562
0.9131332635879517,0.7068488001823425,0.059800222516059875,0.8668437600135803,0.7028697729110718,-0.11108130216598511
0.9027073979377747,0.7025391459465027,0.06985048204660416,0.8697153925895691,0.707529604434967,-0.12983641028404236
0.8923210501670837,0.6978968977928162,0.08026333153247833,0.873691201210022,0.7125416398048401,-0.14749713242053986
0.8816493153572083,0.6926574110984802,0.09112708270549774,0.880153238773346,0.7182246446609497,-0.1683170348405838
0.87042635679245,0.6871312260627747,0.10219848155975342,0.8868861794471741,0.7225494384765625,-0.1925312876701355
