loss,mae,r2_keras,val_loss,val_mae,val_r2_keras
0.9768346548080444,0.33622077107429504,-0.11513608694076538,1.2357012033462524,0.4206474721431732,-14.958106994628906
0.9467901587486267,0.32843828201293945,-0.10299281030893326,1.2352710962295532,0.42234161496162415,-13.765188217163086
0.9323655366897583,0.3246972858905792,-0.11589433997869492,1.2407444715499878,0.4244251549243927,-13.402009010314941
0.9201922416687012,0.32205116748809814,-0.13326314091682434,1.2565561532974243,0.42853251099586487,-11.164643287658691
0.9073107838630676,0.32025453448295593,-0.1498076617717743,1.2868868112564087,0.4341248869895935,-8.453872680664062
0.8937945365905762,0.3187330365180969,-0.16052743792533875,1.3144562244415283,0.44482120871543884,-5.865634441375732
0.8745290040969849,0.31556251645088196,-0.17205829918384552,1.322762370109558,0.43337756395339966,-5.793900012969971
