loss,mae,r2_keras,val_loss,val_mae,val_r2_keras
1.002614140510559,0.3288510739803314,-0.17068681120872498,2.6914961338043213,0.39483508467674255,-3.8646485805511475
0.9846067428588867,0.3219025135040283,-0.16889344155788422,2.6740245819091797,0.3980553448200226,-4.282671928405762
0.9747737050056458,0.318773090839386,-0.1729675531387329,2.667612314224243,0.40514880418777466,-5.008810997009277
0.9664559364318848,0.3184184730052948,-0.1811600774526596,2.6664013862609863,0.40367719531059265,-5.209478378295898
0.9587532877922058,0.31775352358818054,-0.19134846329689026,2.667494773864746,0.4023014307022095,-5.719792366027832
0.9510965347290039,0.31576403975486755,-0.1978500634431839,2.667188882827759,0.4050341546535492,-6.896139144897461
0.9429525136947632,0.3136441707611084,-0.19875583052635193,2.6838040351867676,0.4111441373825073,-8.563994407653809
0.9333921074867249,0.31264859437942505,-0.22668059170246124,2.6987955570220947,0.4173600673675537,-10.613035202026367
0.9231911897659302,0.3117465674877167,-0.24582920968532562,2.743108034133911,0.4310261905193329,-12.99764633178711
