loss,mae,r2_keras,val_loss,val_mae,val_r2_keras
1.002364158630371,0.33060741424560547,-0.10979235917329788,2.7056431770324707,0.4122975170612335,-3.9358906745910645
0.9819114208221436,0.32062992453575134,-0.08321681618690491,2.6875977516174316,0.41406744718551636,-4.525913715362549
0.9727056622505188,0.31945136189460754,-0.08697289973497391,2.6822993755340576,0.42026329040527344,-5.8897624015808105
0.9654085040092468,0.3188457489013672,-0.08951753377914429,2.6882667541503906,0.4294906258583069,-8.382707595825195
0.9582505822181702,0.31857961416244507,-0.0926632210612297,2.700908660888672,0.4382186233997345,-11.704916954040527
0.9507043957710266,0.31760331988334656,-0.09188397973775864,2.727048873901367,0.44607067108154297,-17.023807525634766
0.9425734877586365,0.3160995841026306,-0.09085673838853836,2.7470600605010986,0.45148804783821106,-22.464351654052734
0.9327415823936462,0.31375306844711304,-0.08738788962364197,2.7148194313049316,0.41739457845687866,-14.203192710876465
