loss,mae,r2_keras,val_loss,val_mae,val_r2_keras
0.32656440138816833,0.4486771523952484,0.6560611128807068,0.25396105647087097,0.40488216280937195,-0.024719059467315674
0.25844523310661316,0.4042759835720062,0.7271110415458679,0.2506394684314728,0.4001018702983856,-0.01796945370733738
0.2498658448457718,0.39675140380859375,0.7360632419586182,0.24994195997714996,0.3972783088684082,-0.013167431578040123
0.2439529299736023,0.3913370668888092,0.7422499060630798,0.24959219992160797,0.39572060108184814,-0.007145361043512821
0.2389713078737259,0.38679444789886475,0.747478187084198,0.24991145730018616,0.3950203061103821,-0.00393025204539299
0.2344905585050583,0.38271909952163696,0.7521900534629822,0.25088152289390564,0.39530643820762634,-0.0030196968000382185
0.23064933717250824,0.3791790008544922,0.756234347820282,0.25217270851135254,0.3964921236038208,-0.003856015857309103
0.2274191975593567,0.37634772062301636,0.7596234083175659,0.2532515227794647,0.39769208431243896,-0.005431545432657003
0.2245965451002121,0.37392887473106384,0.7625741958618164,0.25421109795570374,0.3986894190311432,-0.007372397929430008
