loss,mae,r2_keras,val_loss,val_mae,val_r2_keras
0.23499120771884918,0.37447336316108704,0.7522741556167603,0.2008601427078247,0.3541869521141052,-0.09963580220937729
0.1670529991388321,0.3189678192138672,0.8234802484512329,0.1962112933397293,0.3501690626144409,-0.07277945429086685
0.16014181077480316,0.31074026226997375,0.8307186365127563,0.19468025863170624,0.34760794043540955,-0.05889702960848808
0.1555248349905014,0.30550616979599,0.8355358839035034,0.19386863708496094,0.34554338455200195,-0.04825719818472862
0.1516324132680893,0.30110737681388855,0.8395971059799194,0.19388443231582642,0.34442657232284546,-0.04228577762842178
0.1481984406709671,0.2971731424331665,0.8431887626647949,0.1945422887802124,0.34406334161758423,-0.040123093873262405
0.1452362835407257,0.29373899102211,0.846302330493927,0.1955893486738205,0.344156950712204,-0.04025234654545784
0.14269451797008514,0.29078444838523865,0.8489865064620972,0.1971353143453598,0.3447343409061432,-0.042768944054841995
0.14041167497634888,0.28822654485702515,0.8514020442962646,0.19951651990413666,0.3460146188735962,-0.04825645685195923
