loss,mae,r2_keras,val_loss,val_mae,val_r2_keras
0.16117790341377258,0.2974454462528229,0.8316404223442078,0.15422788262367249,0.2895214855670929,0.03131318837404251
0.10814134031534195,0.2502557039260864,0.8841552138328552,0.1506512463092804,0.2852397859096527,0.049791719764471054
0.10434013605117798,0.2453104555606842,0.8881320953369141,0.14960956573486328,0.2840052545070648,0.05462898313999176
0.10206834226846695,0.242214635014534,0.8905251026153564,0.149649977684021,0.2838127017021179,0.05335431918501854
0.10055152326822281,0.24013368785381317,0.8921247124671936,0.15025730431079865,0.284049928188324,0.049743786454200745
0.09948147088289261,0.23870307207107544,0.893253743648529,0.1511528491973877,0.2846046984195709,0.04556329920887947
0.09866964817047119,0.23764510452747345,0.8941112756729126,0.1522069126367569,0.28534939885139465,0.04103989154100418
0.09799377620220184,0.23682542145252228,0.8948217034339905,0.15337051451206207,0.28620994091033936,0.03588002547621727
