loss,mae,r2_keras,val_loss,val_mae,val_r2_keras
0.9863653182983398,0.322147935628891,-0.1633232682943344,0.8435959219932556,0.34957221150398254,-2.321267604827881
0.9653668999671936,0.315114289522171,-0.14550799131393433,0.845878541469574,0.35310137271881104,-2.5388810634613037
0.9587953090667725,0.31317195296287537,-0.14565923810005188,0.8478083610534668,0.3554220199584961,-2.755063533782959
0.9539905190467834,0.3119472563266754,-0.1477557271718979,0.8491926193237305,0.3567885756492615,-2.918268918991089
0.9492802619934082,0.3110092282295227,-0.1520993560552597,0.8500214219093323,0.3576892614364624,-3.0149471759796143
0.9431559443473816,0.30991101264953613,-0.15815511345863342,0.8498184084892273,0.35951778292655945,-3.103261947631836
