loss,mae,r2_keras,val_loss,val_mae,val_r2_keras
0.9202966094017029,0.6170394420623779,0.02983086369931698,0.7408243417739868,0.5939459204673767,-2.6254634857177734
0.8778584599494934,0.5996989607810974,0.07894209772348404,0.7348673343658447,0.587448000907898,-2.4713151454925537
0.8616784811019897,0.5920143127441406,0.09419053047895432,0.7358935475349426,0.5868595242500305,-2.6566929817199707
0.8485279679298401,0.5861443281173706,0.10601767152547836,0.7398317456245422,0.5854131579399109,-3.1396241188049316
0.8359324336051941,0.5801743268966675,0.11720305681228638,0.7460454106330872,0.5821835994720459,-4.113127708435059
0.8229003548622131,0.5733923316001892,0.12923100590705872,0.7544626593589783,0.5815020799636841,-5.482067108154297
0.8098596334457397,0.566264808177948,0.14194603264331818,0.7712724804878235,0.5899980068206787,-7.224353313446045
